No.,出庫,地金,アイテム,中石,サイズ,品番,上代,下代,脇石,チェーン長,摘要,入力者,入庫日,下代（数値）
1,FALSE,Pt900,リング,ダイヤ,0.2,03B-95-20,"160,000",20247,0.07ct,,,tsukamoto,2021/12/10,"13,000"
2,FALSE,Pt900,リング,ダイヤ,0.2,03K-37-20,"240,000",20212,0.25ct,,,fujita,,"27,000"
3,FALSE,Pt900,リング,ダイヤ,0.2,04A-427-20,"160,000",103138,,,,fujita,2022/09/29,"14,500"
4,FALSE,Pt900,リング,ダイヤ,0.3,03A-167-30,"180,000",102793,,,,nakajima,2025/01/16,"14,500"
5,FALSE,Pt900,リング,ダイヤ,0.3,03B-234-30,"240,000",20266,0.20ct,,,muro,2020/02/23,"8,400"
6,FALSE,Pt900,リング,ダイヤ,0.3,03B-334-30,"310,000",103964,0.14ct,,,komaki,2025/04/05,"18,000"
7,FALSE,Pt900,リング,ダイヤ,0.3,03B-95-30,"220,000",103474,0.08ct,,,nakajima,2025/03/23,"24,000"
8,FALSE,Pt900,リング,ダイヤ,0.3,03K-39-30,"180,000",102265,0.15ct,,,muro,2020/02/23,"32,000"
9,FALSE,Pt900,リング,ダイヤ,0.3,04A-289-30,"190,000",103775,,,,nakajima,2025/01/16,"21,500"
10,FALSE,Pt900,リング,ダイヤ,0.3,04A-340-30,"150,000",102618,,,,tanaka,2023/11/14,860
11,FALSE,Pt900,リング,ダイヤ,0.3,04A-397-30,"120,000",25190,,,,河野,2022/03/14,"2,400"
12,FALSE,Pt900,リング,ダイヤ,0.3,04A-427-30,"200,000",103852,,,,fujita,2025/05/28,"21,000"
13,FALSE,Pt900,リング,ダイヤ,0.3,04A-427-30,"210,000",104158,,,,tanaka,2023/01/28,"23,800"
14,FALSE,Pt900,リング,ダイヤ,0.3,04A-459-30,"140,000",102817,,,,nakajima,2025/01/16,"4,200"
15,FALSE,Pt900,リング,ダイヤ,0.3,04B-149-30,"190,000",103551,0.01ct,,,nakajima,2025/03/23,"22,000"
16,FALSE,Pt900,リング,ダイヤ,0.3,04B-196-30,"244,000",102217,0.15ct,,,kida,2017/03/17,"231,000"
17,FALSE,Pt900,リング,ダイヤ,0.3,04B-196-30,"250,000",102614,0.15ct,,,nakajima,2025/01/16,"14,000"
18,FALSE,Pt900,リング,ダイヤ,0.3,04K-14-30,"550,000",104505,0.52ct,,,小牧,2023/09/06,"19,700"
19,,Pt900,リング,ダイヤ,0.3,1121test,1000000,50000,0.05,,1121test-1,fujita,2025-11-27,12345
20,FALSE,Pt900,リング,ダイヤ,0.3,DRA1-2-30,"137,000",20245,,,,komaki,2023/10/11,"3,500"
21,FALSE,Pt900,リング,ダイヤ,0.3,DRB1-1-30,"220,000",3032,0.10ct,,,tanaka,2023/05/25,"14,500"
22,FALSE,Pt900,リング,ダイヤ,0.3,DRB1-4-30,"310,000",3033,0.20ct,,,fujita,2024/10/27,"17,000"
23,FALSE,Pt900,リング,ダイヤ,0.3,DRK2-1-30,"430,000",3042,0.40ct,,,fujita,2023/08/18,"10,100"
24,FALSE,Pt900,リング,ダイヤ,0.3,TO-4.4-KA-30pink,"210,000",20396,0.05ct,,Pink=0.05ct/No.181227,不明,2016/11/28,"22,000"
25,FALSE,Pt900,リング,ダイヤ,0.45,DRA2-1-45,"110,000",20332,,,,fujita,2023/08/18,"9,800"
26,FALSE,Pt900,リング,ダイヤ,0.5,03A-109-50,"240,000",104736,,,,nakajima,2025/03/16,"10,100"
27,FALSE,Pt900,リング,ダイヤ,0.5,03A-164-50,"190,000",103418,,,,tanaka,2023/11/14,"10,000"
28,FALSE,Pt900,リング,ダイヤ,0.5,03A-167-50,"220,000",104283,,,,nakajima,2025/01/16,"12,000"
29,FALSE,Pt900,リング,ダイヤ,0.5,03A-170-50,"150,000",3028,,,,tanaka,2023/11/14,"6,500"
30,FALSE,Pt900,リング,ダイヤ,0.5,03A-210-50,"180,000",103522,,,,河野,2021/05/21,"5,500"
31,FALSE,Pt900,リング,ダイヤ,0.5,03A-210-50,"180,000",103901,,,,fujita,2025/05/28,"9,500"
32,FALSE,Pt900,リング,ダイヤ,0.5,03B-153-50,"380,000",104775,0.25ct,,,河野,2022/06/22,"28,000"
33,FALSE,Pt900,リング,ダイヤ,0.5,03B-169-50,"210,000",102943,0.18ct,,,河野,2022/03/14,"11,500"
34,FALSE,Pt900,リング,ダイヤ,0.5,03B-214-50,"280,000",103188,0.20ct,,,山室,2022/10/08,"6,100"
35,FALSE,Pt900,リング,ダイヤ,0.5,03B-227-50,"260,000",103849,0.17ct,,,muro,2020/02/23,"18,300"
36,FALSE,Pt900,リング,ダイヤ,0.5,03B-239-50,"420,000",103599,0.48ct,,,nakajima,2015/11/11,"35,000"
37,FALSE,Pt900,リング,ダイヤ,0.5,03B-276-50,"240,000",102966,0.15ct,,,tanaka,2024/01/04,"9,020"
38,FALSE,Pt900,リング,ダイヤ,0.5,03B-291-50,"300,000",103387,0.22ct,,,吉野,2022/10/22,"21,500"
39,FALSE,Pt900,リング,ダイヤ,0.5,03B-334-50,"300,000",103631,0.17ct,,,tanaka,2024/01/04,"36,000"
40,FALSE,Pt900,リング,ダイヤ,0.5,03B-392-50,"220,000",20232,0.13ct,,,河野,2022/03/14,"11,000"
41,FALSE,Pt900,リング,ダイヤ,0.5,03B-56-50,"270,000",0,0.35ct,,,小牧,2023/09/06,"19,000"
42,FALSE,Pt900,リング,ダイヤ,0.5,03B-56-50,"270,000",20289,0.30ct,,,fujita,2025/05/28,"24,000"
43,FALSE,Pt900,リング,ダイヤ,0.5,03B-95-50,"250,000",104054,0.12ct,,,fujita,2025/04/16,"14,100"
44,FALSE,Pt900,リング,ダイヤ,0.5,03B-X046-50,"270,000",103234,0.23ct,,,fujita,2025/05/28,"34,000"
45,FALSE,Pt900,リング,ダイヤ,0.5,03B-X046-50,"280,000",102795,0.18ct,,,小牧,2023/09/06,"20,000"
46,FALSE,Pt900,リング,ダイヤ,0.5,03K-12-50,"260,000",103243,0.20ct,,,河野,2022/03/09,"17,000"
47,FALSE,Pt900,リング,ダイヤ,0.5,03K-24-50,"359,000",103253,0.40ct,,,河野,2022/03/09,"20,100"
48,FALSE,Pt900,リング,ダイヤ,0.5,03K-35-50,"450,000",104259,0.40ct,,,小牧,2023/09/06,"42,100"
49,FALSE,Pt900,リング,ダイヤ,0.5,03K-37-50,"280,000",102511,0.35ct,,,植田,2023/07/10,"20,500"
50,FALSE,Pt900,リング,ダイヤ,0.5,03K-38-50,"240,000",20327,0.25ct,,,廣川,2021/10/05,"8,800"
51,FALSE,Pt900,リング,ダイヤ,0.5,03K-39-50,"270,000",20329,0.21ct,,,tanaka,2023/11/14,"20,200"
52,FALSE,Pt900,リング,ダイヤ,0.5,03K-40-50,"400,000",20281,0.56ct,,,KOUNO,2021/02/22,"38,100"
53,FALSE,Pt900,リング,ダイヤ,0.5,04A-289-50,"250,000",104869,,,,nakajima,2025/03/16,"12,000"
54,FALSE,Pt900,リング,ダイヤ,0.5,04A-427-50,"220,000",103941,,,,nakajima,2025/01/16,"10,000"
55,FALSE,Pt900,リング,ダイヤ,0.5,04A-459-50,"180,000",103407,,,,nakajima,2025/03/16,"7,500"
56,FALSE,Pt900,リング,ダイヤ,0.5,04B-149-50,"210,000",104047,0.02ct,,,fujita,2025/04/16,"10,500"
57,FALSE,Pt900,リング,ダイヤ,0.5,04B-149-50,"230,000",103584,,,LGD 0.01ct,植田,2023/04/18,"13,000"
58,FALSE,Pt900,リング,ダイヤ,0.5,04B-153-50,"240,000",102981,0.18ct,,,nakayama,2023/04/05,"12,500"
59,FALSE,Pt900,リング,ダイヤ,0.5,04B-196-50,"280,000",20239,0.19ct,,,kida,2017/03/17,"5,900"
60,FALSE,Pt900,リング,ダイヤ,0.5,04K-13-50,"380,000",104539,0.49ct,,,komaki,2022/04/04,"26,000"
61,FALSE,Pt900,リング,ダイヤ,0.5,04K-14-50,"440,000",104631,0.48ct,,,komaki,2022/05/27,"39,600"
62,FALSE,Pt900,リング,ダイヤ,0.5,DRA1-2-50,"113,000",3024,,,,fujita,2023/08/18,"4,800"
63,FALSE,Pt900,リング,ダイヤ,0.5,DRA2-1-50*50,"140,000",20264,,,,nakajima,2025/01/16,"4,300"
64,FALSE,Pt900,リング,ダイヤ,0.5,DRA2-3-50,"200,000",3036,,,,tanaka,2023/05/25,"10,000"
65,FALSE,Pt900,リング,ダイヤ,0.5,DRB1-1-50,"250,000",20315,0.09ct,,,fujita,2023/10/27,"10,600"
66,FALSE,Pt900,リング,ダイヤ,0.5,DRB1-3-50,"300,000",20315,0.20ct,,,fujita,2023/08/18,"29,500"
67,FALSE,Pt900,リング,ダイヤ,0.5,DRB1-4-50,"250,000",3029,0.17ct,,,坂井,2024/10/08,"13,000"
68,FALSE,Pt900,リング,ダイヤ,0.5,DRB2-1-50,"310,000",404,0.19ct,,,fujita,2023/08/18,"33,500"
69,FALSE,Pt900,リング,ダイヤ,0.5,DRK2-1-50,"450,000",20445,0.43ct,,,fujita,2023/10/27,"10,000"
70,FALSE,Pt900,リング,ダイヤ,0.5,DSD-997,"1,800,000",30222,2.222ct,,,kida,2017/03/17,"10,100"
71,FALSE,Pt900,リング,ダイヤ,0.5,Solitair6.6,"140,000",3012,,,SQ6.6mm,河野,2022/03/16,"4,800"
72,FALSE,Pt900,リング,ダイヤ,0.6,stackable-solo-Flat-6mm,"150,000",3021,,,,fujita,2025/05/28,"20,000"
73,FALSE,Pt900,リング,ダイヤ,0.6,stackable-solo-Round-6mm,"140,000",402,,,,komaki,2022/04/04,"12,500"
74,FALSE,Pt900,リング,ダイヤ,0.65,DRA2-1-65,"125,000",20342,,,,fujita,2023/08/18,"23,600"
75,FALSE,Pt900,リング,ダイヤ,0.7,03A-109-70,"250,000",104723,,,,nakajima,2025/03/16,"11,440"
76,FALSE,Pt900,リング,ダイヤ,0.7,03A-164-70DSPaveblack,"390,000",3071,0.38ct,,Black=0.38ct/No.181250,不明,不明,"11,440"
77,FALSE,Pt900,リング,ダイヤ,0.7,03A-210-70,"200,000",104415,,,,muro,2020/02/23,"11,500"
78,FALSE,Pt900,リング,ダイヤ,0.7,03B-224-70,"280,000",103086,0.35ct,,,furuya,2020/07/11,"9,830"
79,FALSE,Pt900,リング,ダイヤ,0.7,03B-227-70,"320,000",104192,0.22ct,,,muro,2020/02/23,"12,000"
80,FALSE,Pt900,リング,ダイヤ,0.7,03B-244-70,"330,000",106052,0.25ct,,,河野,2022/03/09,"11,440"
81,FALSE,Pt900,リング,ダイヤ,0.7,03B-285-70,"320,000",103405,0.33ct,,,fujita,2025/05/28,"15,200"
82,FALSE,Pt900,リング,ダイヤ,0.7,03B-83-70,"370,000",104272,0.43ct,,,norita,2019/11/21,"11,200"
83,FALSE,Pt900,リング,ダイヤ,0.7,03B-X074-70,"260,000",20265,0.12ct,,,小牧,2023/09/06,"12,000"
84,FALSE,Pt900,リング,ダイヤ,0.7,03K-33-70,"360,000",20265,0.34ct,,,tanaka,2023/11/14,"12,000"
85,FALSE,Pt900,リング,ダイヤ,0.7,03K-37-70,"320,000",20343,0.41ct,,,komaki,2022/04/04,"11,200"
86,FALSE,Pt900,リング,ダイヤ,0.7,03K-38-70,"290,000",103297,0.33ct,,,竹内,2023/02/11,"11,200"
87,FALSE,Pt900,リング,ダイヤ,0.7,04A-427-70,"230,000",104354,,,,furuya,2020/07/11,"11,000"
88,FALSE,Pt900,リング,ダイヤ,0.7,04A-459-70,"200,000",103835,,,,nakajima,2025/03/16,"12,000"
89,FALSE,Pt900,リング,ダイヤ,0.7,04B-196-70,"292,000",103413,0.19ct,,,yoshida,2018/09/02,"12,000"
90,FALSE,Pt900,リング,ダイヤ,0.7,04B-57-70,"500,000",3061,0.24ct,,,muro,2018/01/23,"11,200"
91,FALSE,Pt900,リング,ダイヤ,0.7,04K-13-70,"430,000",103979,0.41ct,,,KOUNO,2021/02/09,"10,300"
92,FALSE,Pt900,リング,ダイヤ,0.7,04K-14-70,"450,000",104642,,,,komaki,2022/05/27,"10,300"
93,FALSE,Pt900,リング,ダイヤ,0.7,DRA1-1-70,"115,000",20216,,,,fujita,2023/08/18,"29,000"
94,FALSE,Pt900,リング,ダイヤ,0.7,DRA1-2-70,"115,000",3024,,,,fujita,2023/08/18,"25,900"
95,FALSE,Pt900,リング,ダイヤ,0.7,DRA2-1-58*58,"150,000",20298,,,,fujita,2025/05/28,"49,800"
96,FALSE,Pt900,リング,ダイヤ,0.7,DRA2-1-70,"130,000",20372,,,,fujita,2023/08/18,"29,500"
97,FALSE,Pt900,リング,ダイヤ,0.7,DRA2-2-70,"230,000",3037,,,,tanaka,2023/05/25,"11,500"
98,FALSE,Pt900,リング,ダイヤ,0.7,DRB1-4-70,"280,000",3026,0.26ct,,,shige,2024/09/13,"9,600"
99,FALSE,Pt900,リング,ダイヤ,0.7,DRB1-4-70,"330,000",3034,0.25ct,,,shige,2024/09/12,"12,000"
100,FALSE,Pt900,リング,ダイヤ,0.7,DRK2-1-70,"440,000",20438,0.43ct,,,fujita,2023/03/08,"12,500"
101,FALSE,Pt900,リング,ダイヤ,0.7,DRK2-1-70,"440,000",3043,0.40ct,,,fujita,2023/08/18,"11,200"
102,FALSE,Pt900,リング,ダイヤ,0.7,Solitair8.8,"160,000",3025,,,SQ5.2mm,河野,2022/03/16,"13,000"
103,FALSE,Pt900,リング,ダイヤ,0.7,Solitair8.8,"160,000",3025,,,SQ5.2mm,河野,2022/03/16,"11,000"
104,FALSE,Pt900,リング,ダイヤ,0.7,Solitaire8.8,"160,000",3025,,,SQ5.2mm,fujita,2025/05/28,"13,000"
105,FALSE,Pt900,リング,ダイヤ,0.8,03B-224-70,"260,000",103086,0.35ct,,ABC,fujitaL,2025/06/23,
106,FALSE,Pt900,リング,ダイヤ,0.8,03B-X074-70,"260,000",20265,0.12ct,,あいう,fujitaL,2025/06/23,"26,500"
107,FALSE,Pt900,リング,ダイヤ,0.8,03K-38-70,"260,000",103297,,45cm,,fujitaL,2025/06/23,
108,FALSE,Pt900,リング,ダイヤ,0.8,DRA2-1-80,"130,000",20385,,,,fujita,2023/08/18,"13,700"
109,FALSE,Pt900,リング,ダイヤ,0.8,DRB1-4-70,"260,000",3026,,25cm,123,fujitaL,2025/06/23,"26,000"
110,FALSE,Pt900,リング,ダイヤ,0.8,R-dA002-100,"260,000",103086,0.35ct,,ABC,fujitaLM,2025/06/23,"30,860"
111,FALSE,Pt900,リング,ダイヤ,0.8,R-dA002-70,"260,000",20265,0.12ct,,あいう,fujitaLM,2025/06/23,"26,500"
112,FALSE,Pt900,リング,ダイヤ,0.8,R-dA003-20,"260,000",3026,,25cm,123,fujitaLM,2025/06/23,"26,000"
113,FALSE,Pt900,リング,ダイヤ,0.8,R-dA003-30,"260,000",103297,,45cm,,fujitaLM,2025/06/23,"32,970"
114,FALSE,Pt900,リング,ダイヤ,0.9,DRA2-1-90,"135,000",20408,,,,fujita,2023/08/18,"12,500"
115,FALSE,Pt900,リング,ダイヤ,CT,03A-122-100,"140,000",102502,,,,河野,2022/03/09,"13,000"
116,FALSE,Pt900,リング,ダイヤ,CT,03A-170-100,"220,000",104264,,,,nakajima,2023/07/05,"39,000"
117,FALSE,Pt900,リング,ダイヤ,CT,03A-201-150DSH,"340,000",20353,0.08ct,,,muro,2020/02/23,"21,600"
118,FALSE,Pt900,リング,ダイヤ,CT,03A-210-100,"230,000",104658,,,,河野,2022/03/09,"25,000"
119,FALSE,Pt900,リング,ダイヤ,CT,03B-113-100,"350,000",106401,0.10ct,,,komaki,2022/04/04,"29,100"
120,FALSE,Pt900,リング,ダイヤ,CT,03B-214-100,"300,000",102913,0.30ct,,,河野,2022/03/09,"22,000"
121,FALSE,Pt900,リング,ダイヤ,CT,03B-214-100,"370,000",103159,0.33ct,,,小牧,2023/09/06,"21,600"
122,FALSE,Pt900,リング,ダイヤ,CT,03B-227-100,"350,000",104643,0.20ct,,,kim,2018/11/19,"24,000"
123,FALSE,Pt900,リング,ダイヤ,CT,03B-227-100,"350,000",103877,0.23ct,,,河野,2022/03/09,"37,200"
124,FALSE,Pt900,リング,ダイヤ,CT,03B-263-100,"350,000",103295,0.39ct,,,KOUNO,2021/03/12,"24,000"
125,FALSE,Pt900,リング,ダイヤ,CT,03B-285-100,"350,000",3027,0.40ct,,,坂井,2024/10/08,"33,200"
126,FALSE,Pt900,リング,ダイヤ,CT,03B-302-100,"804,000",103929,0.95ct,,,kida,2017/03/17,"34,000"
127,FALSE,Pt900,リング,ダイヤ,CT,03B-312-100,"400,000",104039,0.40ct,,,河野,2022/03/09,"35,500"
128,FALSE,Pt900,リング,ダイヤ,CT,03B-334-100,"340,000",104316,0.20ct,,,tanaka,2024/01/04,"24,300"
129,FALSE,Pt900,リング,ダイヤ,CT,03B-56-100,"420,000",104173,0.59ct,,,河野,2022/03/09,"40,000"
130,FALSE,Pt900,リング,ダイヤ,CT,03B-83-100,"420,000",104904,0.53ct,,,SK,2015/07/23,"43,000"
131,FALSE,Pt900,リング,ダイヤ,CT,03K-12-100,"400,000",20441,0.41ct,,,河野,2022/03/09,"36,000"
132,FALSE,Pt900,リング,ダイヤ,CT,03K-12-100,"450,000",103482,0.37ct,,,tanaka,2023/11/14,"38,000"
133,FALSE,Pt900,リング,ダイヤ,CT,03K-37-100,"350,000",102796,0.46ct,,,nakamura,2020/06/20,"23,000"
134,FALSE,Pt900,リング,ダイヤ,CT,03K-39-100,"320,000",20625,0.20ct,,,yoshida,2022/12/09,"20,500"
135,FALSE,Pt900,リング,ダイヤ,CT,03K-48-100,"390,000",107582,0.44ct,,,furuya,2020/07/11,"38,500"
136,FALSE,Pt900,リング,ダイヤ,CT,03K-58-100,"594,000",105244,0.51ct,,,furuya,2020/07/11,"44,500"
137,FALSE,Pt900,リング,ダイヤ,CT,03K-60-100,"350,000",104536,0.28ct,,,nakayama,2015/03/27,"26,000"
138,FALSE,Pt900,リング,ダイヤ,CT,03K-60-100,"400,000",104454,0.32ct,,,tanaka,2023/11/14,"35,500"
139,FALSE,Pt900,リング,ダイヤ,CT,03K-73-100,"570,000",1011077,0.78ct,,,muro,2017/07/28,"33,000"
140,FALSE,Pt900,リング,ダイヤ,CT,04A-289-100,"300,000",105975,,,,nakajima,2025/01/16,"24,300"
141,FALSE,Pt900,リング,ダイヤ,CT,04A-387-100,"240,000",104252,,,,tanaka,2023/11/14,"24,000"
142,FALSE,Pt900,リング,ダイヤ,CT,04A-427-100,"250,000",105154,,,,河野,2022/03/09,"18,000"
143,FALSE,Pt900,リング,ダイヤ,CT,04A-459-100,"220,000",104066,,,,fujita,2023/12/05,"36,000"
144,FALSE,Pt900,リング,ダイヤ,CT,04B-57-100,"570,000",106366,0.38ct,,,komaki,2017/08/07,"40,000"
145,FALSE,Pt900,リング,ダイヤ,CT,04B-57-100pink,"980,000",30179,0.35ct,,Pink=0.35ct/No.181242,不明,不明,"29,000"
146,FALSE,Pt900,リング,ダイヤ,CT,04K-13-100,"520,000",104054,0.70ct,,,KOUNO,2019/09/26,"32,000"
147,FALSE,Pt900,リング,ダイヤ,CT,04K-14-100,"510,000",20555,0.52ct,,,fujita,2025/05/28,"31,500"
148,FALSE,Pt900,リング,ダイヤ,CT,04K-14-100,"650,000",104204,0.51ct,,,小牧,2023/09/06,"29,000"
149,FALSE,Pt900,リング,ダイヤ,CT,DRA1-1-100,"123,000",20243,,,,fujita,2023/08/18,"12,000"
150,FALSE,Pt900,リング,ダイヤ,CT,DRA1-2-100,"121,000",3026,,,,fujita,2023/08/18,"13,000"
151,FALSE,Pt900,リング,ダイヤ,CT,DRA2-1-100,"140,000",20404,,,,fujita,2023/08/18,"16,000"
152,FALSE,Pt900,リング,ダイヤ,CT,DRA2-3-100,"220,000",20365,,,,fujita,2023/11/01,"12,000"
153,FALSE,Pt900,リング,ダイヤ,CT,DRB2-1-100,"330,000",3043,0.19ct,,,fujita,2023/08/18,"21,600"
154,FALSE,Pt900,リング,ダイヤ,CT,DRB2-2-100,"400,000",3042,0.35ct,,,fujita,2023/08/18,"34,000"
155,FALSE,Pt900,リング,ダイヤ,CT,DRK2-1-100,"450,000",20437,0.43ct,,,fujita,2023/03/08,"32,000"
156,FALSE,Pt900,リング,ダイヤ,1.5CT,04A-427-150,"300,000",106002,,,,komaki,2017/03/23,"49,000"
157,FALSE,Pt900,リング,ダイヤ,1.5CT,04K-13-150,"750,000",104983,0.85ct,,,sato,2016/04/09,"48,400"
158,FALSE,Pt900,リング,ダイヤ,2CT,03A-164-200DSPaveblack,"700,000",30129,0.75ct,,Black=0.75ct/No.181240,不明,不明,"48,400"
159,FALSE,Pt900,リング,ダイヤ,2CT,03B-263-200,"520,000",103182,0.64ct,,,tanaka,2023/11/14,"36,000"
160,FALSE,Pt900,リング,ダイヤ,2CT,03B-285-200,"480,000",104189,0.57ct,,,tanaka,2023/08/02,"29,500"
161,FALSE,Pt900,リング,ダイヤ,2CT,03K-58-200,"675,000",105747,0.65ct,,,komaki,2019/04/01,"34,000"
162,FALSE,Pt900,リング,ダイヤ,2CT,04A-459-200,"300,000",105778,,,,nakajima,2023/07/05,"29,100"
163,FALSE,Pt900,リング,ダイヤ,2CT,04K-13-200,"800,000",107274,0.84ct,,,nakayama,2014/06/26,"22,000"
164,FALSE,Pt900,リング,ダイヤ,2CT,04K-14-200,"520,000",105955,0.51ct,,,komaki,2023/02/20,"26,500"
165,FALSE,Pt900,リング,ダイヤ,2CT,DRB1-4-200,"420,000",404,0.36ct,,,shige,2024/09/13,"37,000"
166,FALSE,Pt900,リング,ダイヤ,2CT,JSD-326,"780,000",30103,0.50ct,,,furuya,2020/07/11,"77,200"
167,FALSE,Pt900,リング,ダイヤ,2.5CT,SAHA-F-1198-DR250,"1,480,000",30248,3.38ct,,,kida,2017/03/17,"23,000"
168,FALSE,Pt900,リング,ダイヤ,3CT,03B-285-300,"350,000",104522,0.53ct,,,fujita,2022/10/13,"24,000"
169,FALSE,Pt900,リング,ダイヤ,3CT,03K-12-300,"680,000",3089,0.66ct,,,河野,2022/03/09,"34,000"
170,FALSE,Pt900,リング,ダイヤ,3CT,04A-459-300,"280,000",105285,,,,tsukamoto,2021/12/11,"24,000"
171,FALSE,Pt900,リング,ダイヤ,3CT,DRB1-4-300,"450,000",20445,0.36ct,,,shige,2024/09/13,"26,000"
172,FALSE,Pt900,リング,ダイヤ,3CT,SAHA-F-1193-DR300,"2,370,000",30248,3.41ct,,,kida,2017/03/17,"29,000"
173,FALSE,Pt900,リング,オーバル,70,09A-197-70,"160,000",20292,,,,fujita,2024/03/13,"44,000"
174,FALSE,Pt900,リング,オーバル,80,09A-150-80,"90,000",101678,,,,shige,2017/04/20,"25,000"
175,FALSE,Pt900,リング,オーバル,90,SAHA-E-0508-90RO,"280,000",50000,0.32ct,,,河野,2022/03/09,"25,000"
176,FALSE,Pt900,リング,オーバル,100,09A-150-100,"95,000",101706,,,,shige,2017/04/20,"22,000"
177,FALSE,Pt900,リング,オーバル,100,09C-217-100,"240,000",102962,0.09ct,,,tanaka,2023/11/14,"25,000"
178,FALSE,Pt900,リング,オーバル,100,09E-106-100,"420,000",103714,0.55ct,,,SK,2017/02/09,"26,000"
179,FALSE,Pt900,リング,オーバル,100,09E-482-100,"260,000",102307,0.25ct,,,YUKARI,2019/08/01,"27,100"
180,FALSE,Pt900,リング,オーバル,100,09K-16-100,"200,000",102327,0.22ct,,,norita,2019/08/13,"26,300"
181,FALSE,Pt900,リング,オーバル,110,09A-150-110,"135,000",102641,,,,fujita,2022/09/29,"27,100"
182,FALSE,Pt900,リング,オーバル,110,09B-312-110,"280,000",102299,0.29ct,,,SK,2019/02/05,"23,200"
183,FALSE,Pt900,リング,オーバル,110,09E-106-110,"520,000",20452,0.65ct,,,nakayama,2017/03/18,"32,000"
184,FALSE,Pt900,リング,オーバル,110,09K-16-110,"210,000",102234,0.22ct,,,muro,2017/05/05,"31,000"
185,FALSE,Pt900,リング,オーバル,120,09A-150-120,"100,000",102127,,,,nakajima ,2020/10/31,"38,700"
186,FALSE,Pt900,リング,オーバル,120,09B-312-120,"280,000",102608,0.29ct,,,SK,2018/08/03,"23,800"
187,FALSE,Pt900,リング,オーバル,120,09B-410-120,"330,000",102642,0.40ct,,,tanaka,2023/11/14,"24,200"
188,FALSE,Pt900,リング,オーバル,120,09E-106-120,"600,000",105392,0.72ct,,,tanaka,2023/11/14,"34,500"
189,FALSE,Pt900,リング,オーバル,120,09E-433-120,"280,000",103087,0.25ct,,,tanaka,2023/11/14,"25,500"
190,FALSE,Pt900,リング,オーバル,120,09K-16-120,"220,000",102407,0.22ct,,,suzuki,2017/03/07,"36,000"
191,FALSE,Pt900,リング,オーバル,120,09K-87-120,"420,000",103651,0.44ct,,,tanaka,2023/11/14,"30,000"
192,FALSE,Pt900,リング,オーバル,120,09K-91-120,"220,000",102695,0.16ct,,,nakajima,2017/07/01,"38,300"
193,FALSE,Pt900,リング,オーバル,120,09P-46-120,"380,000",103188,0.43ct,,,tanaka,2023/11/14,"26,000"
194,FALSE,Pt900,リング,オーバル,120,JSD-342-7-5,"880,000",30175,0.97ct,,,kida,2017/03/17,"30,500"
195,FALSE,Pt900,リング,オーバル,120,ORA1-2-120,"135,000",20263,,,,fujita,2023/08/18,"35,000"
196,FALSE,Pt900,リング,オーバル,120,ORB1-2-120,"250,000",403,0.17ct,,,坂井,2024/10/08,"25,000"
197,FALSE,Pt900,リング,オーバル,120,ORK1-1-120,"250,000",3032,0.13ct,,,tanaka,2024/02/21,"26,000"
198,FALSE,Pt900,リング,オーバル,120,ORK1-1-120,"270,000",20345,0.12ct,,,fujita,2023/12/05,"25,400"
199,FALSE,Pt900,リング,オーバル,130,09A-150-130,"110,000",102237,,,,YUKARI,2020/07/16,"40,000"
200,FALSE,Pt900,リング,オーバル,130,09B-312-130,"270,000",102626,0.33ct,,,fujita,2021/08/09,"36,500"
201,FALSE,Pt900,リング,オーバル,130,09C-175-140,"210,000",103283,0.11ct,,,fujita,2022/12/02,"33,000"
202,FALSE,Pt900,リング,オーバル,130,09H-91-130,"340,000",20291,0.40ct,,,fujita,2021/08/09,"38,000"
203,FALSE,Pt900,リング,オーバル,130,09K-16-130,"270,000",20298,0.30ct,,,suzuki,2017/03/07,"36,500"
204,FALSE,Pt900,リング,オーバル,130,09K-16-130,"270,000",102883,0.28ct,,,tanaka,2023/11/14,"41,000"
205,FALSE,Pt900,リング,オーバル,130,09S-111-130,"330,000",103165,0.39ct,,,fujita,2021/08/09,"36,000"
206,FALSE,Pt900,リング,オーバル,130,09S-144-130,"190,000",403,0.17ct,,,河野,2022/03/09,"56,500"
207,FALSE,Pt900,リング,オーバル,130,09S-161-130,"660,000",20496,0.84ct,,,tanaka,2023/11/14,"31,000"
208,FALSE,Pt900,リング,オーバル,130,ORA1-2-130,"140,000",20274,,,,fujita,2023/08/18,"41,000"
209,FALSE,Pt900,リング,オーバル,130,ORB1-1-130,"260,000",3038,0.06ct,,,fujita,2024/06/10,"33,000"
210,FALSE,Pt900,リング,オーバル,130,ORB1-2-130,"260,000",3029,0.17ct,,,坂井,2024/10/08,"31,500"
211,FALSE,Pt900,リング,オーバル,130,ORK1-1-130,"260,000",3032,0.13ct,,,tanaka,2024/02/21,"30,000"
212,FALSE,Pt900,リング,オーバル,140,09A-150-140,"115,000",102689,,,,iwasaki,2023/02/01,"27,000"
213,FALSE,Pt900,リング,オーバル,140,09A-261-140,"120,000",102129,,,,muro,2018/01/23,"33,000"
214,FALSE,Pt900,リング,オーバル,140,09B-18-140,"240,000",102308,0.22ct,,,KOUNO,2018/12/27,"40,000"
215,FALSE,Pt900,リング,オーバル,140,09B-312-140,"280,000",102781,0.39ct,,,YUKARI,不明,"30,000"
216,FALSE,Pt900,リング,オーバル,140,09B-312-140,"360,000",103164,0.40ct,,,tanaka,2023/11/14,"34,500"
217,FALSE,Pt900,リング,オーバル,140,09B-452-140,"300,000",102661,0.33ct,,,SK,2016/12/01,"30,000"
218,FALSE,Pt900,リング,オーバル,140,09C-235-140,"200,000",103177,0.06ct,,,tanaka,2023/07/14,"38,000"
219,FALSE,Pt900,リング,オーバル,140,09E-106-140,"580,000",105244,0.82ct,,,nakayama,2017/03/18,"34,000"
220,FALSE,Pt900,リング,オーバル,140,09E-260-140,"280,000",103865,0.13ct,,,河野,2022/03/09,"29,000"
221,FALSE,Pt900,リング,オーバル,140,09E-396-140,"290,000",103286,0.26ct,,,tanaka,2023/11/14,"29,000"
222,FALSE,Pt900,リング,オーバル,140,09H-261-140,"340,000",103751,0.23ct,,,KOUNO,2021/03/15,"32,000"
223,FALSE,Pt900,リング,オーバル,140,09K-141-140,"380,000",103119,0.48ct,,,河野,2022/03/09,"32,000"
224,FALSE,Pt900,リング,オーバル,140,09K-16-140,"280,000",103108,0.34ct,,,不明,2014/11/21,"52,000"
225,FALSE,Pt900,リング,オーバル,140,09K-179-140,"350,000",102799,0.43ct,,,河野,2022/03/09,"34,000"
226,FALSE,Pt900,リング,オーバル,140,09K-44-140,"180,000",103063,0.10ct,,,不明,2013/11/29,"43,000"
227,FALSE,Pt900,リング,オーバル,140,09K-47-140,"200,000",102876,0.15ct,,,nakajima,2014/07/23,"37,000"
228,FALSE,Pt900,リング,オーバル,140,ORA1-2-140,"145,000",20271,,,,fujita,2023/08/18,"37,000"
229,FALSE,Pt900,リング,オーバル,140,ORA1-3-140,"130,000",20255,,,,tanaka,2023/04/27,"33,400"
230,FALSE,Pt900,リング,オーバル,140,ORA1-6-140,"160,000",3027,,,,tanaka,2024/04/12,"37,000"
231,FALSE,Pt900,リング,オーバル,140,ORB1-1-140,"270,000",3038,0.06ct,,,fujita,2024/06/10,"35,000"
232,FALSE,Pt900,リング,オーバル,140,ORK1-1-140,"270,000",3033,0.12ct,,,tanaka,2024/01/04,"41,000"
233,FALSE,Pt900,リング,オーバル,140,OSD-1253,"880,000",30159,1.21ct,,,muro,2016/02/21,"36,000"
234,FALSE,Pt900,リング,オーバル,140,OSD-768,"1,080,000",30216,2.40ct,,,kida,2017/03/17,"32,000"
235,FALSE,Pt900,リング,オーバル,140,OSD-810,"1,632,000",30217,1.90ct,,,kida,2017/03/17,"33,000"
236,FALSE,Pt900,リング,オーバル,150,09A-150-150,"150,000",102827,,,,fujita,2023/03/08,"34,000"
237,FALSE,Pt900,リング,オーバル,150,09B-20-150,"230,000",102541,0.13ct,,,muro,2016/05/03,"30,000"
238,FALSE,Pt900,リング,オーバル,150,09B-20-150,"230,000",102541,0.13ct,,,shige,2024/09/12,"33,500"
239,FALSE,Pt900,リング,オーバル,150,09K-100-150,"190,000",102489,0.14ct,,,KOUNO,2015/09/30,"49,000"
240,FALSE,Pt900,リング,オーバル,150,09K-16-150,"300,000",103372,0.35ct,,,komaki,2016/05/10,"30,250"
241,FALSE,Pt900,リング,オーバル,150,09S-111-150,"400,000",103477,0.48ct,,,SK,2019/02/05,"31,420"
242,FALSE,Pt900,リング,オーバル,150,ORA1-2-150,"145,000",20278,,,,fujita,2023/08/18,"33,500"
243,FALSE,Pt900,リング,オーバル,150,ORA1-3-150,"135,000",20266,,,,tanaka,2023/04/27,"33,500"
244,FALSE,Pt900,リング,オーバル,150,ORB1-1-150,"230,000",3035,"0,06ct",,,青山,2024/07/04,"17,000"
245,FALSE,Pt900,リング,オーバル,150,ORB1-2-150,"280,000",3032,0.20ct,,,坂井,2024/10/08,"37,500"
246,FALSE,Pt900,リング,オーバル,150,ORK1-1-150,"270,000",3033,0.12ct,,,tanaka,2024/01/04,"22,000"
247,FALSE,Pt900,リング,オーバル,150,SAHA-C-2513,"380,000",3065,0.12ct,,,河野,2022/03/09,"24,060"
248,FALSE,Pt900,リング,オーバル,160,09A-150-160,"130,000",3024,,,,yoshida,2018/06/06,"60,660"
249,FALSE,Pt900,リング,オーバル,160,09A-188-160,"160,000",20311,,,,山室,2022/10/08,"6,960"
250,FALSE,Pt900,リング,オーバル,160,09A-261-160,"160,000",102826,,,,tanaka,2023/11/14,"5,840"
251,FALSE,Pt900,リング,オーバル,160,09A-286-160,"110,000",20182,,,,muro,2018/01/23,"35,920"
252,FALSE,Pt900,リング,オーバル,160,09B-18-160,"260,000",102488,0.25ct,,,sato,2016/04/07,"23,360"
253,FALSE,Pt900,リング,オーバル,160,09B-20-160,"250,000",103978,0.16ct,,,nakayama,2014/06/26,"75,800"
254,FALSE,Pt900,リング,オーバル,160,09B-423-160,"280,000",20433,0.12ct,,,tanaka,2023/11/14,"31,110"
255,FALSE,Pt900,リング,オーバル,160,09B-423-160,"320,000",105825,0.11ct,,,komaki,2019/04/01,"7,260"
256,FALSE,Pt900,リング,オーバル,160,09C-175-160,"290,000",20384,0.23ct,,,山室,2022/10/08,"24,810"
257,FALSE,Pt900,リング,オーバル,160,09C-175-170,"260,000",102911,0.22ct,,,komaki,2017/04/10,"15,730"
258,FALSE,Pt900,リング,オーバル,160,09C-193-160,"240,000",103362,0.09ct,,,tanaka,2023/11/14,"24,160"
259,FALSE,Pt900,リング,オーバル,160,09C-260-160,"290,000",102785,0.32ct,,,河野,2022/03/09,"37,100"
260,FALSE,Pt900,リング,オーバル,160,09E-106-160,"570,000",104794,0.84ct,,,河野,2022/03/09,"62,300"
261,FALSE,Pt900,リング,オーバル,160,09E-106-160,"570,000",108794,0.78ct,,,不明,不明,"6,660"
262,FALSE,Pt900,リング,オーバル,160,09E-260-160,"310,000",104171,0.13ct,,,shige,2024/09/12,"18,410"
263,FALSE,Pt900,リング,オーバル,160,09E-323-160,"280,000",20545,0.11ct,,,yoshida,2022/12/09,"29,210"
264,FALSE,Pt900,リング,オーバル,160,09H-261-160,"380,000",20345,0.30ct,,,nakayama,2017/05/31,"9,220"
265,FALSE,Pt900,リング,オーバル,160,09K-211-160,"430,000",105472,0.47ct,,,河野,2022/03/09,"5,820"
266,FALSE,Pt900,リング,オーバル,160,09K-44-160,"200,000",102708,0.12ct,,,tamai,2017/10/07,"23,670"
267,FALSE,Pt900,リング,オーバル,160,09K-55-160,"240,000",103355,0.22ct,,,suzuki,2017/03/02,"26,090"
268,FALSE,Pt900,リング,オーバル,160,09K-91-160,"260,000",103063,0.20ct,,,furuya,2019/08/04,"28,800"
269,FALSE,Pt900,リング,オーバル,160,09S-111-160,"400,000",104655,0.48ct,,,nakajima,2014/07/23,"7,210"
270,FALSE,Pt900,リング,オーバル,160,ORA1-3-160,"135,000",3026,,,,tanaka,2023/04/27,"29,870"
271,FALSE,Pt900,リング,オーバル,160,ORB1-1-160,"240,000",3035,"0,06ct",,,青山,2024/07/03,"24,830"
272,FALSE,Pt900,リング,オーバル,160,ORB1-2-160,"290,000",3032,0.21ct,,,坂井,2024/10/08,"17,890"
273,FALSE,Pt900,リング,オーバル,160,ORK1-3-160,"350,000",3034,0.22ct,,,shige,2024/05/24,"10,330"
274,FALSE,Pt900,リング,オーバル,170,09B-18-170,"280,000",102607,0.29ct,,,muro,2016/05/05,"26,300"
275,FALSE,Pt900,リング,オーバル,170,09B-20-170,"260,000",103005,0.14ct,,,muro,2016/05/03,"27,740"
276,FALSE,Pt900,リング,オーバル,170,09B-20-170,"260,000",30050,0.14ct,,,河野,2022/03/09,"34,060"
277,FALSE,Pt900,リング,オーバル,170,09C-175-180,"260,000",103227,0.28ct,,,kim,2015/02/01,"75,500"
278,FALSE,Pt900,リング,オーバル,170,09K-16-170,"340,000",103539,0.47ct,,,不明,2014/11/21,"22,450"
279,FALSE,Pt900,リング,オーバル,170,09K-16-170,"340,000",103539,0.47ct,,,河野,2022/03/09,"27,910"
280,FALSE,Pt900,リング,オーバル,170,09K-44-170,"230,000",102958,0.14ct,,,kida,2017/03/17,"84,600"
281,FALSE,Pt900,リング,オーバル,170,09K-91-170,"300,000",103307,0.26ct,,,nakajima,2019/03/15,"35,240"
282,FALSE,Pt900,リング,オーバル,180,09A-286-180,"130,000",102317,,,,muro,2018/01/23,"26,580"
283,FALSE,Pt900,リング,オーバル,180,09A-290-180,"310,000",106523,,,,河野,2022/03/09,"12,560"
284,FALSE,Pt900,リング,オーバル,180,09A-313-180,"169,000",20308,,,,河野,2022/03/09,"30,500"
285,FALSE,Pt900,リング,オーバル,180,09A-322-180,"150,000",103071,,,,komaki,2017/02/14,"23,580"
286,FALSE,Pt900,リング,オーバル,180,09A-324-180,"280,000",105182,,,,tanaka,2023/11/14,"7,060"
287,FALSE,Pt900,リング,オーバル,180,09B-20-180,"270,000",20348,0.16ct,,,nakayama,2017/11/11,"7,660"
288,FALSE,Pt900,リング,オーバル,180,09C-175-190,"350,000",103586,0.29ct,,,nakayama,2017/09/08,"7,250"
289,FALSE,Pt900,リング,オーバル,180,09C-235-180,"200,000",103936,0.09ct,,,YUKARI,2021/03/10,"34,480"
290,FALSE,Pt900,リング,オーバル,180,09E-106-180,"600,000",105345,0.67ct,,,kida,2017/03/17,"30,630"
291,FALSE,Pt900,リング,オーバル,180,09E-260-180,"350,000",105422,0.16CT,,,NAKAYAMA,2015/09/25,"8,000"
292,FALSE,Pt900,リング,オーバル,180,09E-389-180,"240,000",102955,0.07ct,,,tanaka,2023/11/14,"23,960"
293,FALSE,Pt900,リング,オーバル,180,09E-393-180,"220,000",102799,0.10ct,,,nakajima,2020/07/11,"25,270"
294,FALSE,Pt900,リング,オーバル,180,09K-116-180,"400,000",104129,0.37ct,,,tanaka,2023/11/14,"26,400"
295,FALSE,Pt900,リング,オーバル,180,09K-16-180,"350,000",103213,0.43ct,,,suzuki,2017/03/07,"12,330"
296,FALSE,Pt900,リング,オーバル,180,09K-163-180,"350,000",103393,0.35ct,,,muro,2018/08/25,"88,400"
297,FALSE,Pt900,リング,オーバル,180,09K-163-180,"400,000",104758,0.38ct,,,tanaka,2023/11/14,"7,470"
298,FALSE,Pt900,リング,オーバル,180,09K-55-180,"270,000",104234,0.15ct,,,muro,2015/05/29,"22,380"
299,FALSE,Pt900,リング,オーバル,180,09K-78-180,"544,000",3042,0.37ct,,,河野,2022/03/09,"39,450"
300,FALSE,Pt900,リング,オーバル,180,09K-87-180,"390,000",103651,0.40ct,,,muro,2017/05/05,"7,950"
301,,Pt900,リング,オーバル,180,1122222,50000,2022,0.11ct,,,fujita,2025/11/22,
302,FALSE,Pt900,リング,オーバル,180,ORA1-2-180,"165,000",20338,,,,fujita,2023/08/18,"25,380"
303,FALSE,Pt900,リング,オーバル,180,ORB1-1-180,"250,000",3038,"0,06ct",,,青山,2024/07/04,"20,250"
304,FALSE,Pt900,リング,オーバル,180,ORB1-2-180,"300,000",3034,0.22ct,,,yoshida,2024/11/11,"9,010"
305,FALSE,Pt900,リング,オーバル,180,ORK1-2-180,"320,000",3033,0.23ct,,,tanaka,2024/02/21,"9,060"
306,FALSE,Pt900,リング,オーバル,180,SAHA-E-1308-OR180,"2,220,000",30198,2.60ct,,,kida,2017/03/17,"75,300"
307,FALSE,Pt900,リング,オーバル,190,09A-286-190,"140,000",102619,,,,河野,2022/03/09,"9,850"
308,FALSE,Pt900,リング,オーバル,190,09B-18-190,"290,000",20283,0.27ct,,,nakayama,2017/04/26,"22,300"
309,FALSE,Pt900,リング,オーバル,190,09B-20-190,"280,000",103477,0.15ct,,,nakayama,2017/04/26,"19,900"
310,FALSE,Pt900,リング,オーバル,190,09C-175-200,"360,000",103303,0.38ct,,,kim,2018/05/28,"9,800"
311,FALSE,Pt900,リング,オーバル,190,09E-141-200,"220,000",102702,0.13ct,,,hirokawa,2019/06/09,"10,140"
312,FALSE,Pt900,リング,オーバル,190,09K-100-190,"250,000",102962,0.24ct,,,河野,2022/03/09,"17,100"
313,FALSE,Pt900,リング,オーバル,190,09K-16-190,"360,000",20293,0.50ct,,,muro,2016/05/03,"23,800"
314,FALSE,Pt900,リング,オーバル,190,09K-44-190,"260,000",102982,0.20ct,,,sato,2016/04/07,
315,FALSE,Pt900,リング,オーバル,190,09L-38-190,"338,000",404,0.27ct,,,河野,2022/03/09,"22,700"
316,FALSE,Pt900,リング,オーバル,190,09S-111-190,"500,000",104335,0.63ct,,,sato,2016/04/14,"12,000"
317,FALSE,Pt900,リング,オーバル,190,09S-111-190,"550,000",104766,0.64ct,,,tanaka,2023/11/14,"38,800"
318,FALSE,Pt900,リング,オーバル,200,09A-188-200,"130,000",102469,,,,komaki,2017/01/27,"37,700"
319,FALSE,Pt900,リング,オーバル,200,09A-261-200,"240,000",104863,,,,河野,2022/03/09,"32,000"
320,FALSE,Pt900,リング,オーバル,200,09A-322-200,"170,000",103352,,,,shige,2024/09/12,"46,000"
321,FALSE,Pt900,リング,オーバル,200,09A-324-200,"270,000",105247,,,,komaki,2019/04/01,"29,720"
322,FALSE,Pt900,リング,オーバル,200,09B-362-200,"240,000",103988,0.10ct,,,fujita,2023/01/05,"5,400"
323,FALSE,Pt900,リング,オーバル,200,09C-175-210,"330,000",103138,0.32ct,,,muro,2016/04/07,"42,800"
324,FALSE,Pt900,リング,オーバル,200,09C-188-200,"240,000",102681,0.18ct,,,河野,2022/03/09,"10,700"
325,FALSE,Pt900,リング,オーバル,200,09E-161-200,"280,000",103662,0.15ct,,,shige,2018/04/20,"20,680"
326,FALSE,Pt900,リング,オーバル,200,09E-384-200,"280,000",103553,0.26ct,,,kim,2019/09/14,"8,210"
327,FALSE,Pt900,リング,オーバル,200,09E-393-200,"250,000",103887,0.10ct,,,河野,2022/03/14,"33,500"
328,FALSE,Pt900,リング,オーバル,200,09E-426-200,"290,000",103264,0.10ct,,,komaki,2019/02/27,"27,770"
329,FALSE,Pt900,リング,オーバル,200,09H-261-200,"440,000",103984,0.34ct,,,muro,2016/05/03,"24,400"
330,FALSE,Pt900,リング,オーバル,200,09H-263-200,"450,000",104056,0.37ct,,,tanaka,2023/11/14,"30,600"
331,FALSE,Pt900,リング,オーバル,200,09K-91-200,"370,000",104075,0.29ct,,,tanaka,2023/11/14,"77,500"
332,FALSE,Pt900,リング,オーバル,200,ORA1-2-200,"165,000",20232,,,,fujita,2023/08/18,"26,600"
333,FALSE,Pt900,リング,オーバル,200,ORA1-3-200,"170,000",20345,,,,tanaka,2023/04/27,"27,310"
334,FALSE,Pt900,リング,オーバル,200,ORA1-6-200,"180,000",3029,,,,tanaka,2024/04/12,"56,000"
335,FALSE,Pt900,リング,オーバル,200,ORB1-1-200,"260,000",3039,"0,06ct",,,青山,2024/07/04,"27,000"
336,FALSE,Pt900,リング,オーバル,200,ORK1-2-200,"320,000",20335,0.23ct,,,tanaka,2024/02/21,"18,220"
337,FALSE,Pt900,リング,オーバル,210,09B-18-210,"300,000",103033,0.30ct,,,河野,2022/03/14,"27,050"
338,FALSE,Pt900,リング,オーバル,210,09B-20-210,"400,000",103529,0.38ct,,,sato,2016/04/07,"55,100"
339,FALSE,Pt900,リング,オーバル,210,09B-20-210,"400,000",103362,0.41ct,,,tanaka,2023/11/14,"14,090"
340,FALSE,Pt900,リング,オーバル,210,09C-188-210,"260,000",103295,0.20ct,,,yoshida,2020/08/02,"32,230"
341,FALSE,Pt900,リング,オーバル,210,09E-141-220,"240,000",102885,0.15ct,,,SK,2019/02/05,"37,000"
342,FALSE,Pt900,リング,オーバル,210,09K-16-210,"400,000",103547,0.48ct,,,muro,2017/05/05,"92,100"
343,FALSE,Pt900,リング,オーバル,210,09K-16-210,"400,000",103707,0.55ct,,,河野,2022/03/14,"32,440"
344,FALSE,Pt900,リング,オーバル,210,09S-111-210,"550,000",405,0.72ct,,,nakajima,2025/03/23,"9,150"
345,FALSE,Pt900,リング,オーバル,220,09A-188-220,"140,000",102559,,,,hirokawa,2019/04/11,"14,850"
346,FALSE,Pt900,リング,オーバル,220,09A-322-220,"190,000",20372,,,,shige,2017/04/20,"12,650"
347,FALSE,Pt900,リング,オーバル,220,09C-175-230,"380,000",103246,0.32ct,,,muro,2018/08/25,"102,200"
348,FALSE,Pt900,リング,オーバル,220,09C-235-220,"290,000",104906,0.08ct,,,tanaka,2023/07/14,"59,700"
349,FALSE,Pt900,リング,オーバル,220,09C-25-220,"280,000",103201,0.24ct,,,tanaka,2023/11/14,"49,490"
350,FALSE,Pt900,リング,オーバル,220,09E-393-220,"260,000",104034,0.10ct,,,河野,2022/03/14,"67,700"
351,FALSE,Pt900,リング,オーバル,220,09H-261-220,"460,000",104583,0.35ct,,,komaki,2019/05/29,"21,000"
352,FALSE,Pt900,リング,オーバル,220,09H-261-220,"460,000",104758,0.36ct,,,tanaka,2023/11/14,"13,590"
353,FALSE,Pt900,リング,オーバル,220,09K-16-220,"420,000",103652,0.56ct,,,muro,2017/05/05,"11,860"
354,FALSE,Pt900,リング,オーバル,220,ORA1-3-220,"210,000",3037,,,,shige,2024/09/13,"37,600"
355,FALSE,Pt900,リング,オーバル,220,ORB1-1-220,"270,000",404,"0,06ct",,,青山,2024/07/04,"30,270"
356,FALSE,Pt900,リング,オーバル,220,ORK1-2-220,"320,000",20335,0.23ct,,,tanaka,2024/02/21,"30,250"
357,FALSE,Pt900,リング,オーバル,230,09A-188-230,"190,000",20381,,,,山室,2022/10/08,"29,300"
358,FALSE,Pt900,リング,オーバル,230,09B-18-230,"320,000",103183,0.30ct,,,SK,2014/05/23,"172,300"
359,FALSE,Pt900,リング,オーバル,230,09C-175-240,"380,000",20456,0.40ct,,,shige,2018/08/02,"23,970"
360,FALSE,Pt900,リング,オーバル,230,09K-16-230,"440,000",104358,0.57ct,,,shige,2015/05/14,"32,620"
361,FALSE,Pt900,リング,オーバル,240,09A-322-240,"260,000",104783,,,,tanaka,2023/11/14,"13,020"
362,FALSE,Pt900,リング,オーバル,240,09A-324-240,"300,000",106362,,,,河野,2022/03/14,"14,850"
363,FALSE,Pt900,リング,オーバル,240,09A-326-240,"174,000",103134,,,,河野,2022/03/14,"66,500"
364,FALSE,Pt900,リング,オーバル,240,09C-175-250,"390,000",103776,0.55ct,,,hirokawa,2020/11/16,"31,000"
365,FALSE,Pt900,リング,オーバル,240,09K-16-240,"460,000",104024,0.62ct,,,nakayama,2017/06/08,"72,700"
366,FALSE,Pt900,リング,オーバル,240,09K-16-240,"460,000",104681,0.55ct,,,河野,2022/03/14,"103,400"
367,FALSE,Pt900,リング,オーバル,240,09K-55-240,"320,000",104308,0.23ct,,,muro,2017/05/05,"13,680"
368,FALSE,Pt900,リング,オーバル,240,09K-55-240,"350,000",104743,0.25ct,,,tanaka,2023/11/14,"39,500"
369,FALSE,Pt900,リング,オーバル,240,ORA1-2-240,"195,000",20387,,,,fujita,2023/08/18,"68,000"
370,FALSE,Pt900,リング,オーバル,240,ORA1-3-240,"205,000",404,,,,tanaka,2023/04/27,"75,700"
371,FALSE,Pt900,リング,オーバル,240,ORA1-7-240,"230,000",3041,,,,komaki,2024/05/27,"33,140"
372,FALSE,Pt900,リング,オーバル,240,ORB1-1-240,"280,000",3041,"0,06ct",,,青山,2024/07/04,"31,100"
373,FALSE,Pt900,リング,オーバル,250,09A-150-250,"190,000",103579,,,,komaki,2017/01/27,"21,800"
374,FALSE,Pt900,リング,オーバル,250,09A-188-250,"160,000",102866,,,,kim,2018/03/16,"41,430"
375,FALSE,Pt900,リング,オーバル,250,09A-286-250,"240,000",104787,,,,tanaka,2023/11/14,"22,750"
376,FALSE,Pt900,リング,オーバル,250,09B-18-250,"380,000",103717,0.35ct,,,sato,2016/04/07,"14,810"
377,FALSE,Pt900,リング,オーバル,250,09B-20-250,"320,000",103332,0.23ct,,,muro,2016/05/03,"21,950"
378,FALSE,Pt900,リング,オーバル,250,09K-44-250,"320,000",103855,0.25ct,,,tanaka,2023/11/14,"32,000"
379,FALSE,Pt900,リング,オーバル,250,09K-44-250,"330,000",104082,0.28ct,,,muro,2017/06/23,"115,100"
380,FALSE,Pt900,リング,オーバル,250,09R-48-250,"1,814,000",30191,1.88ct,,,kida,2017/03/17,"22,100"
381,FALSE,Pt900,リング,オーバル,260,09A-150-260,"200,000",103994,,,,muro,2016/04/01,"40,630"
382,FALSE,Pt900,リング,オーバル,260,09A-261-260,"300,000",106297,,,,河野,2022/03/14,"24,810"
383,FALSE,Pt900,リング,オーバル,260,09C-175-270,"500,000",104064,0.45ct,,,kim,2018/05/28,"13,530"
384,FALSE,Pt900,リング,オーバル,260,09C-188-260,"300,000",103777,0.19ct,,,河野,2022/03/14,"26,050"
385,FALSE,Pt900,リング,オーバル,260,09K-47-260,"300,000",103804,0.16ct,,,furuya,2019/08/01,"43,870"
386,FALSE,Pt900,リング,オーバル,260,09K-55-260,"350,000",20536,0.30ct,,,muro,2015/05/23,"41,700"
387,FALSE,Pt900,リング,オーバル,260,09S-111-260,"700,000",104885,0.94ct,,,suzuki,2016/07/01,"9,530"
388,FALSE,Pt900,リング,オーバル,260,ORA1-2-260,"195,000",20368,,,,fujita,2023/08/18,"29,890"
389,FALSE,Pt900,リング,オーバル,260,ORA1-7-260,"230,000",20395,,,,komaki,2024/05/27,"37,070"
390,FALSE,Pt900,リング,オーバル,260,ORB1-1-260,"290,000",3035,0.08ct,,,yoshida,2024/11/11,"26,710"
391,FALSE,Pt900,リング,オーバル,270,09B-18-270,"420,000",103907,0.33ct,,,muro,2019/11/24,"27,140"
392,FALSE,Pt900,リング,オーバル,270,09B-20-270,"350,000",104233,0.29ct,,,nakayama,2017/04/26,"21,360"
393,FALSE,Pt900,リング,オーバル,270,09E-141-280,"330,000",105043,0.25ct,,,KOUNO,2015/02/23,"7,120"
394,FALSE,Pt900,リング,オーバル,270,09E-141-280,"330,000",104091,0.24ct,,,shige,2024/09/13,"8,100"
395,FALSE,Pt900,リング,オーバル,270,09K-55-270B,"400,000",105626,0.28ct,,,河野,2022/03/14,"31,110"
396,FALSE,Pt900,リング,オーバル,280,09A-188-280,"200,000",103955,,,,muro,2020/02/15,"27,170"
397,FALSE,Pt900,リング,オーバル,280,09C-175-290,"490,000",104286,0.50ct,,,norita,2018/11/28,"20,040"
398,FALSE,Pt900,リング,オーバル,280,09K-44-280,"350,000",105374,0.27ct,,,nakayama,2014/10/22,"25,180"
399,FALSE,Pt900,リング,オーバル,280,09K-47-280,"310,000",104112,0.20ct,,,KOUNO,2018/02/25,"19,820"
400,FALSE,Pt900,リング,オーバル,280,09K-55-280,"400,000",105501,0.34ct,,,tamai,2015/06/02,"9,590"
401,FALSE,Pt900,リング,オーバル,280,09L-38-280,"538,000",20601,0.75ct,,,muro,2018/01/23,"26,380"
402,FALSE,Pt900,リング,オーバル,280,09L-86-280,"980,000",30139,1.23ct,,,不明,2012/11/12,"61,500"
403,FALSE,Pt900,リング,オーバル,280,ORA1-2-280,"200,000",20383,,,,fujita,2023/08/18,"27,250"
404,FALSE,Pt900,リング,オーバル,280,ORA1-7-280,"240,000",3034,,,,komaki,2024/05/27,"30,000"
405,FALSE,Pt900,リング,オーバル,290,09A-X150-290-310,"210,000",20142,,,,shige,2019/12/05,"39,500"
406,FALSE,Pt900,リング,オーバル,290,09B-18-290,"420,000",104025,0.35ct,,,KOUNO,2018/11/02,"34,900"
407,FALSE,Pt900,リング,オーバル,290,09B-20-290,"440,000",104483,0.41ct,,,nakayama,2017/04/26,"11,360"
408,FALSE,Pt900,リング,オーバル,290,09C-175-300,"500,000",104225,0.55ct,,,komaki,2017/04/10,"26,000"
409,FALSE,Pt900,リング,オーバル,290,09E-141-300,"370,000",104125,0.30ct,,,shige,2019/05/20,"10,740"
410,FALSE,Pt900,リング,オーバル,290,09H-150-290,"1,200,000",30163,1.878ct,,,不明,2009/06/02,"36,160"
411,FALSE,Pt900,リング,オーバル,290,09S-111-290,"780,000",30127,1.31ct,,,不明,2012/11/12,"39,360"
412,FALSE,Pt900,リング,オーバル,300,09A-317-300,"240,000",104465,,,,nakayama,2017/05/31,"33,500"
413,FALSE,Pt900,リング,オーバル,300,09A-325-300,"230,000",104922,,,,muro,2016/02/21,"28,700"
414,FALSE,Pt900,リング,オーバル,300,09C-175-310,"530,000",104531,0.61ct,,,muro,2017/05/05,"14,640"
415,FALSE,Pt900,リング,オーバル,300,09E-384-300,"450,000",105938,0.55ct,,,YUKARI,2021/03/09,"36,000"
416,FALSE,Pt900,リング,オーバル,300,09K-55-300,"420,000",106039,0.38ct,,,muro,2015/05/26,"60,070"
417,FALSE,Pt900,リング,オーバル,300,ORA1-2-300,"200,000",20381,,,,fujita,2023/08/18,"24,180"
418,FALSE,Pt900,リング,オーバル,300,ORA1-7-300,"270,000",3048,,,,komaki,2024/05/27,"29,460"
419,FALSE,Pt900,リング,オーバル,310,09A-188-310,"210,000",104051,,,,shige,2017/04/20,"47,500"
420,FALSE,Pt900,リング,オーバル,310,09B-18-310,"410,000",20429,0.34ct,,,nakayama,2017/04/26,"25,080"
421,FALSE,Pt900,リング,オーバル,310,09K-44-310,"380,000",105139,0.33ct,,,kida,2017/03/17,"50,700"
422,FALSE,Pt900,リング,オーバル,310,09S-111-310,"950,000",20638,1.56ct,,,不明,不明,"26,420"
423,FALSE,Pt900,リング,オーバル,320,09C-175-330,"700,000",105144,0.84ct,,,muro,2017/05/05,"81,100"
424,FALSE,Pt900,リング,オーバル,320,09E-141-330,"480,000",3051,0.45ct,,,SK,2019/01/18,"22,100"
425,FALSE,Pt900,リング,オーバル,320,09E-384-320,"550,000",105298,0.59ct,,,komaki,2016/11/28,"91,600"
426,FALSE,Pt900,リング,オーバル,320,ORA1-7-320,"300,000",3055,,,,komaki,2024/05/27,"36,500"
427,FALSE,Pt900,リング,オーバル,330,09A-150-330,"260,000",104904,,,,shige,2017/04/20,"31,560"
428,FALSE,Pt900,リング,オーバル,330,09S-111-330,"1,000,000",106034,1.52ct,,,sato,2016/04/14,"26,400"
429,FALSE,Pt900,リング,オーバル,340,09A-188-340,"240,000",104942,,,,kim,2017/07/24,"37,900"
430,FALSE,Pt900,リング,オーバル,340,09C-175-350,"700,000",106002,0.73ct,,,muro,2017/05/05,"12,630"
431,FALSE,Pt900,リング,オーバル,340,09E-384-340,"580,000",105696,0.63ct,,,nakayama,2017/05/31,"8,420"
432,FALSE,Pt900,リング,オーバル,340,09S-111-340,"1,100,000",30151,1.60ct,,,不明,2013/03/11,"5,950"
433,FALSE,Pt900,リング,オーバル,340,ORA1-7-340,"320,000",20565,,,,komaki,2024/05/27,"21,550"
434,FALSE,Pt900,リング,オーバル,360,09R-60-360,"950,000",30167,1.56ct,,,muro,2016/05/10,"6,420"
435,FALSE,Pt900,リング,オーバル,360,ORA1-7-360,"340,000",3062,,,,komaki,2024/05/27,"5,330"
436,FALSE,Pt900,リング,オーバル,390,09A-106-390,"320,000",3039,,,,muro,2018/01/23,"7,010"
437,FALSE,Pt900,リング,パール,5,R-PA016-50,"120,000",3021,,,,komaki,2025/05/14,"6,000"
438,FALSE,Pt900,リング,パール,5,R-PA017-50,"130,000",20235,,,,komaki,2025/05/14,"5,180"
439,FALSE,Pt900,リング,パール,5,R-PB016-50,"170,000",402,0.12ct,,,komaki,2025/05/14,"5,880"
440,FALSE,Pt900,リング,パール,5,R-PB017-50,"170,000",20235,0.08ct,,,komaki,2025/05/14,"10,790"
441,FALSE,Pt900,リング,パール,6,Round 6.0*3.0,"224,000",3032,T0.72ct,,,komaki,2022/04/04,
442,FALSE,Pt900,リング,パール,6,crownR-6㎜,"120,000",3018,,,,machii,2022/03/05,"10,150"
443,FALSE,Pt900,リング,パール,6,花々（いろは）R6-3,"180,000",3029,S1.05ct,,,河野,2022/03/16,"28,740"
444,FALSE,Pt900,リング,パール,6,花々（いろは）R6-3,"180,000",3029,S1.07ct,,,河野,2022/03/16,
445,FALSE,Pt900,リング,パール,6,花々（いろは）R6-3,"180,000",3029,S1.00ct,,,河野,2022/03/16,
446,FALSE,Pt900,リング,パール,6,花々（いろは）R6.23-2.1,"180,000",3028,T0.30ct,,,河野,2022/06/22,
447,FALSE,Pt900,リング,パール,8,08A-154-80,"150,000",102851,,,,nakajima,2025/03/16,
448,FALSE,Pt900,リング,パール,8,08A-261-80,"85,000",101661,,,,nakayama,2016/07/11,
449,FALSE,Pt900,リング,パール,8,08A-262-80,"130,000",102518,,,,komaki,2025/04/05,
450,FALSE,Pt900,リング,パール,8,08B-108-80,"140,000",102332,0.03ct,,,kim,2016/04/26,
451,FALSE,Pt900,リング,パール,8,08B-108-80,"140,000",20245,0.03ct,,,nakajima,2025/01/16,
452,FALSE,Pt900,リング,パール,8,08B-125-80,"210,000",102288,0.10ct,,,nakayama,2017/04/27,
453,FALSE,Pt900,リング,パール,8,08B-132-80,"210,000",102848,0.13ct,,,KOUNO,2018/12/27,
454,FALSE,Pt900,リング,パール,8,08B-221-80,"210,000",103091,0.08ct,,,nakajima,2025/01/16,
455,FALSE,Pt900,リング,パール,8,08E-58-80,"220,000",102948,0.13ct,,,komaki,2017/04/03,
456,FALSE,Pt900,リング,パール,8,08K-36-80,"240,000",103409,0.24ct,,,komaki,2016/05/10,
457,,Pt900,リング,パール,8,1121test,1000000,50000,0.05CT,,1121test-10,fujita,2025/11/21,
458,FALSE,Pt900,リング,パール,8,PRA1-1-80,"130,000",3022,,,8mm,yoshida,2024/11/11,
459,FALSE,Pt900,リング,パール,8,R-PA016-80,"140,000",3025,,,,komaki,2025/05/14,
460,FALSE,Pt900,リング,パール,8,R-PA017-80,"180,000",3032,,,,komaki,2025/05/14,
461,FALSE,Pt900,リング,パール,8,Round 8.0*3.0,"270,000",3034,S1.30ct,,,komaki,2022/04/04,
462,FALSE,Pt900,リング,パール,8,花々（イロハ）ring8-2,"200,000",3031,T0.35ct,,,河野,2022/04/25,
463,FALSE,Pt900,リング,パール,8.5,08L-31-85,"250,000",102577,0.26ct,,,河野,2022/03/14,
464,FALSE,Pt900,リング,パール,9,08A-154-90,"120,000",102249,,,,nakajima,2025/01/16,
465,FALSE,Pt900,リング,パール,9,08A-229-90,"135,000",102616,,,,河野,2022/03/14,
466,FALSE,Pt900,リング,パール,9,08A-235-90,"130,000",103156,,,,muro,2021/02/16,
467,FALSE,Pt900,リング,パール,9,08A-239-90,"140,000",20279,,,,河野,2021/05/21,
468,FALSE,Pt900,リング,パール,9,08A-261-90,"95,000",20184,,,,sato,2016/06/25,
469,FALSE,Pt900,リング,パール,9,08A-262-90,"150,000",102918,,,,nakajima,2025/03/16,
470,FALSE,Pt900,リング,パール,9,08B-104-90,"210,000",102846,0.13ct,,,tsukamoto,2020/10/14,
471,FALSE,Pt900,リング,パール,9,08B-108-90,"160,000",102797,0.03ct,,,mitsui,2017/05/15,
472,FALSE,Pt900,リング,パール,9,08B-132-90,"250,000",103195,0.18ct,,,kim,2017/04/23,
473,FALSE,Pt900,リング,パール,9,08B-242-90,"160,000",20244,0.08ct,,,kida,2017/04/04,
474,FALSE,Pt900,リング,パール,9,08C-150-90,"170,000",102337,,,0.15ct,河野,2021/05/21,
475,FALSE,Pt900,リング,パール,9,08E-58-90,"300,000",104362,0.19ct,,,nakajima,2025/03/23,
476,FALSE,Pt900,リング,パール,9,08F-40-90,"230,000",103859,0.17ct,,,河野,2022/03/14,
477,FALSE,Pt900,リング,パール,9,08H-16-90,"250,000",103804,0.28ct,,,河野,2022/03/14,
478,FALSE,Pt900,リング,パール,9,08H-31-90,"350,000",103642,0.42ct,,,SK,2018/02/06,
479,FALSE,Pt900,リング,パール,9,08K-36-90,"260,000",105722,0.24ct,,,河野,2022/03/14,
480,FALSE,Pt900,リング,パール,9,08K-62-90,"240,000",3043,0.06ct,,,komaki,2016/05/10,
481,FALSE,Pt900,リング,パール,9,08K-79-90,"220,000",20309,0.12ct,,,yoshida,2019/03/25,
482,FALSE,Pt900,リング,パール,9,PRA1-3-90,"150,000",3026,,,8.5-9mm,yoshida,2024/11/11,
483,FALSE,Pt900,リング,パール,9,R-PA016-90,"160,000",3025,,,,komaki,2025/05/14,
484,FALSE,Pt900,リング,パール,9,R-PA017-90,"200,000",3036,,,,komaki,2025/05/14,
485,FALSE,Pt900,リング,パール,9.5,08L-31-95,"280,000",103024,0.35ct,,,河野,2022/03/14,
486,FALSE,Pt900,リング,パール,10,08A-154-100,"140,000",102789,,,,nakajima,2025/01/16,
487,FALSE,Pt900,リング,パール,10,08A-154-110,"150,000",102765,,,,shige,2024/09/13,
488,FALSE,Pt900,リング,パール,10,08A-235-100,"168,000",103146,,,,河野,2022/03/14,
489,FALSE,Pt900,リング,パール,10,08A-261-100,"100,000",101929,,,,sato,2016/06/25,
490,FALSE,Pt900,リング,パール,10,08B-104-100,"260,000",3033,0.18ct,,,muro ,2020/02/23,
491,FALSE,Pt900,リング,パール,10,08B-125-100,"190,000",102736,0.13ct,,,SK,2016/10/11,
492,FALSE,Pt900,リング,パール,10,08B-132-100,"270,000",103473,0.18ct,,,muro,2017/05/05,
493,FALSE,Pt900,リング,パール,10,08B-145-100,"190,000",3037,0.06ct,,,nakajima,2020/07/12,
494,FALSE,Pt900,リング,パール,10,08B-206-100,"230,000",3024,0.22ct,,,norita,2016/09/20,
495,FALSE,Pt900,リング,パール,10,08E-160改-100,"380,000",3042,0.31ct,,,komaki,2023/10/11,
496,FALSE,Pt900,リング,パール,10,08F-40-100,"250,000",104275,0.17ct,,,河野,2022/03/14,
497,FALSE,Pt900,リング,パール,10,08H-16-100,"280,000",20411,0.36ct,,,kida,2017/03/17,
498,FALSE,Pt900,リング,パール,10,08K-36-100,"240,000",104382,0.24ct,,,河野,2022/03/14,
499,FALSE,Pt900,リング,パール,10,08K-62-100,"260,000",104614,0.06ct,,,komaki,2015/06/05,
500,FALSE,Pt900,リング,パール,10,08K-79-100,"240,000",103392,0.15ct,,,kida,2016/10/11,
501,FALSE,Pt900,リング,パール,10,PRB1-1-100,"225,000",20358,M:3mm*3pcs,,脇石モアッサナイト,fujita,2023/12/05,
502,FALSE,Pt900,リング,パール,10,花々（いろは）R6-3,"250,000",3039,T0.50ct,,,fujita,2022/05/18,
503,FALSE,Pt900,リング,パール,10.5,08L-31-105,"320,000",103443,0.44ct,,,河野,2022/03/14,
504,FALSE,Pt900,リング,パール,11,08A-235-110,"185,000",103625,,,,KOUNO,2018/11/02,
505,FALSE,Pt900,リング,パール,11,08A-245-110,"220,000",103825,,,,nakajima,2025/01/16,
506,FALSE,Pt900,リング,パール,11,08B-104-110,"310,000",103474,0.28ct,,,kim,2017/04/23,
507,FALSE,Pt900,リング,パール,11,08B-206-110,"240,000",102431,0.22ct,,,norita,2016/09/20,
508,FALSE,Pt900,リング,パール,11,08C-120-110,"200,000",103213,0.11ct,,,SK,2018/12/10,
509,FALSE,Pt900,リング,パール,11,08E-102-110,"280,000",20324,0.36ct,,,nakajima,2016/10/25,
510,FALSE,Pt900,リング,パール,11,08E-221-110,"220,000",103066,0.14ct,,,komaki,2017/04/08,
511,FALSE,Pt900,リング,パール,11,08E-58-110,"280,000",103439,0.24ct,,,kim,2016/04/26,
512,FALSE,Pt900,リング,パール,11,08H-16-110,"330,000",104368,0.42ct,,,nakajima,2014/06/12,
513,FALSE,Pt900,リング,パール,11,08K-36-110,"350,000",103918,0.40ct,,,河野,2022/03/14,
514,FALSE,Pt900,リング,パール,11,08K-36-110,"380,000",104809,0.31ct,,,tanaka,2023/11/14,
515,FALSE,Pt900,リング,パール,11,08K-62-110,"260,000",20432,0.06ct,,,nakajima,2016/10/16,
516,FALSE,Pt900,リング,パール,11,08K-79-110,"260,000",103727,0.16ct,,,kida,2016/10/11,
517,FALSE,Pt900,リング,パール,12,08A-154-120,"135,000",102806,,,,kim,2019/09/14,
518,FALSE,Pt900,リング,パール,12,08H-16-120,"340,000",104515,0.46ct,,,nakajima,2020/07/12,
519,FALSE,Pt900,リング,パール,12,08H-31-120,"480,000",104053,0.72ct,,,komaki,2017/04/03,
520,FALSE,Pt900,リング,パール,12,08K-36-120,"370,000",105438,0.29ct,,,河野,2022/03/14,
521,FALSE,Pt900,リング,パール,12,08K-79-120,"280,000",104062,0.20ct,,,shige,2017/04/20,
522,FALSE,Pt900,リング,パール,12,PSD-976,"938,000",30125,0.55ct,,,kida,2017/03/17,
523,FALSE,Pt900,リング,パール,13,08A-154-130,"150,000",103059,,,,hirokawa,2019/02/20,
524,FALSE,Pt900,リング,パール,14,08A-154-140,"180,000",103525,,,,kida,2017/04/15,
525,FALSE,Pt900,リング,パール,14,PSD-TOYO,"600,000",4018,1.31ct,,,不明,2020/02/08,
526,FALSE,Pt900,リング,スクエア,45*45,10A-69-45-45,"160,000",103164,,,,komaki,不明,
527,FALSE,Pt900,リング,スクエア,60*50,10A-73-60-50,"180,000",103554,,,,muro,不明,
528,FALSE,Pt900,リング,スクエア,60*50,10A-73-60-50,"250,000",103574,0.15ct,,,nakayama,2016/05/03,
529,FALSE,Pt900,リング,スクエア,75*60,10A-73-75-60,"200,000",104231,,,,muro,不明,
530,FALSE,Pt900,リング,スクエア,75*60,10A-73-75-60,"200,000",20413,,,,shige,2020/01/23,
531,FALSE,Pt900,リング,スクエア,75*60,10A-73-75-60,"300,000",104146,0.20ct,,,nakayama,2016/05/03,
532,FALSE,Pt900,リング,スクエア,60*65,10C-50-60-65,"180,000",102068,0.11ct,,,komaki,不明,
533,FALSE,Pt900,リング,スクエア,100*80,10E-65-100-80,"380,000",104934,0.31ct,,,kim,不明,
534,FALSE,Pt900,リング,スクエア,75*55,10E-65-75-55,"320,000",103583,0.27ct,,,shige,2020/01/23,
535,FALSE,Pt900,リング,スクエア,95*115,10H-5-95-115,"338,000",3067,0.45ct,,,kim,2018/05/28,
536,FALSE,Pt900,リング,スクエア,40*45,10K-1-40-45,"160,000",102169,0.11ct,,,nakajima,2019/03/15,
537,FALSE,Pt900,リング,スクエア,50*55,10K-1-50-55,"180,000",102463,0.20ct,,,komaki,2019/05/29,
538,FALSE,Pt900,リング,スクエア,50*60,10K-1-50-60,"200,000",102361,0.18ct,,,kida,2016/10/18,
539,FALSE,Pt900,リング,スクエア,55*60,10K-1-55-60,"220,000",102178,0.22ct,,,muro,不明,
540,FALSE,Pt900,リング,スクエア,55*70,10K-1-55-70,"220,000",102576,0.19ct,,,tamai,2017/11/14,
541,FALSE,Pt900,リング,スクエア,60*60,10K-1-60-60,"230,000",102744,0.22ct,,,norita,不明,
542,FALSE,Pt900,リング,スクエア,60*75,10K-1-60-75,"240,000",102944,0.24ct,,,muro,2018/03/11,
543,FALSE,Pt900,リング,スクエア,70*75,10K-1-70-75,"250,000",102675,0.27ct,,,muro,不明,
544,FALSE,Pt900,リング,スクエア,75*90,10K-1-75-90,"250,000",103248,0.25ct,,,kim,不明,
545,FALSE,Pt900,リング,スクエア,85*100,10K-1-85-100,"280,000",102902,0.30ct,,,muro,不明,
546,FALSE,Pt900,リング,スクエア,100*105,10K-2-100-105,"380,000",103462,0.54ct,,,muro,不明,
547,FALSE,Pt900,リング,スクエア,55*60,10K-2-55-60,"230,000",102557,0.29ct,,,tamai,2017/07/14,
548,FALSE,Pt900,リング,スクエア,65*80,10K-2-65-80,"280,000",102942,0.27ct,,,muro,2018/11/16,
549,FALSE,Pt900,リング,スクエア,70*75,10K-2-70-75,"280,000",102613,0.29ct,,,muro,不明,
550,FALSE,Pt900,リング,スクエア,80*80,10K-2-80-80,"300,000",103001,0.25ct,,,SK,2016/10/11,
551,FALSE,Pt900,リング,スクエア,80*85,10K-2-80-85,"300,000",20288,0.34ct,,,muro,不明,
552,FALSE,Pt900,リング,スクエア,80*90,10K-2-80-90,"300,000",103291,0.42ct,,,不明,2018/01/23,
553,FALSE,Pt900,リング,スクエア,90*95,10K-2-90-95,"320,000",103001,0.43ct,,,muro,不明,
554,FALSE,Pt900,リング,スクエア,95*105,10K-2-95-105,"350,000",103374,0.49ct,,,muro,不明,
555,FALSE,Pt900,リング,スクエア,50*75,10K-34-50-75,"260,000",102955,0.27ct,,,tamai,2017/11/14,
556,FALSE,Pt900,リング,スクエア,60*70,10K-34-60-70,"320,000",103223,0.40ct,,,tamai,2017/07/14,
557,FALSE,Pt900,リング,スクエア,70*75,10K-34-70-75,"320,000",103145,0.42ct,,,norita,不明,
558,FALSE,Pt900,リング,スクエア,55*60,10K-55-55*60,"260,000",102703,0.24ct,,,shige,2024/09/14,
559,FALSE,Pt900,リング,スクエア,55*65,10K-55-55*65,"270,000",102826,0.21ct,,,shige,2024/09/14,
560,FALSE,Pt900,リング,スクエア,55*60,10K-55-55-60,"260,000",102703,0.24ct,,,kim,不明,
561,FALSE,Pt900,リング,スクエア,55*65,10K-55-55-65,"270,000",102826,0.21ct,,,tamai,2017/07/14,
562,FALSE,Pt900,リング,スクエア,55*70,10K-55-55-70,"300,000",102906,0.27ct,,,norita,不明,
563,FALSE,Pt900,リング,スクエア,60*75,10K-55-60-75,"320,000",102932,0.28ct,,,komaki,不明,
564,FALSE,Pt900,リング,スクエア,75*75,10K-55-75-75,"320,000",103127,0.25ct,,,kim,不明,
565,FALSE,Pt900,リング,スクエア,75*80,10K-55-75-80,"340,000",103161,0.31ct,,,norita,不明,
566,FALSE,Pt900,リング,スクエア,75*90,10K-55-75-90,"360,000",103415,0.31ct,,,norita,不明,
567,FALSE,Pt900,リング,スクエア,80*80,10K-55-80-80,"420,000",103534,0.41ct,,,muro,不明,
568,FALSE,Pt900,リング,スクエア,85*110,10K-55-85-110,"420,000",103662,0.37ct,,,muro,不明,
569,FALSE,Pt900,リング,スクエア,95*100,10K-55-95-100,"550,000",104457,0.37ct,,,kida,2016/10/18,
570,FALSE,Pt900,リング,スクエア,95*110,10K-55-95-110,"550,000",104068,0.57ct,,,muro,不明,
571,FALSE,Pt900,リング,スクエア,60*70,10K-58-60-70,"300,000",102955,0.28ct,,,muro,2018/08/25,
572,FALSE,Pt900,リング,スクエア,70*75,10K-58-70-75,"380,000",103415,0.38ct,,,norita,不明,
573,FALSE,Pt900,リング,スクエア,70*80,10K-58-70-80,"400,000",103389,0.43ct,,,norita,不明,
574,FALSE,Pt900,リング,スクエア,70*50,10K-59-70-50,"360,000",103837,0.34ct,,,muro,2017/07/08,
575,FALSE,Pt900,リング,スクエア,115*125,10R-2-115-125,"980,000",30196,1.81ct,,,kim,2018/05/28,
576,FALSE,Pt900,リング,スクエア,25*25,KRA1-1-25-25,"120,000",3022,,,,fujita,2023/08/18,
577,FALSE,Pt900,リング,スクエア,35*35,KRA1-1-35-35,"130,000",3024,,,,fujita,2023/08/18,
578,FALSE,Pt900,リング,スクエア,40*40,KRA1-1-40-40,"140,000",3024,,,,fujita,2023/08/18,
579,FALSE,Pt900,リング,スクエア,45*45,KRA1-1-45-45,"150,000",3024,,,,fujita,2023/08/18,
580,FALSE,Pt900,リング,スクエア,50*50,KRA1-1-50-50,"160,000",3027,,,,fujita,2023/08/18,
581,FALSE,Pt900,リング,その他,Free,FRA0-6-0,"220,000",3043,5.9,,,fujita,2023/08/18,
582,FALSE,Pt900,リング,その他,Free,FRA0-7-0,"220,000",3043,,,,komaki,2025/02/14,
583,FALSE,Pt900,リング,その他,Free,FRA0-8-0,"170,000",20353,,,,fujita,2023/08/18,
584,FALSE,Pt900,リング,その他,Free,FRB0-1-0,"305,000",20772,0.22ct,,,fujita,2025/06/23,
585,FALSE,Pt900,リング,その他,Free,Fre-Free-Round-R,"180,000",102937,,,,nakajima,2025/01/16,
586,FALSE,Pt900,リング,その他,Free,FreFree-Cross-R,"180,000",102585,,,,植田,2023/04/18,
587,FALSE,Pt900,リング,その他,Free,FreFree-Cross-R,"180,000",102585,,,,植田,2023/04/18,
588,FALSE,Pt900,リング,その他,80*45,S-C-2040OR80X45,"380,000",3074,0.35ct,,中石=マーキース,不明,2009/08/02,
589,FALSE,Pt900,リング,その他,0.3,05C-85-30,"140,000",102096,,,一文字,nakajima,2025/01/16,
590,FALSE,Pt900,リング,その他,0.3,05C-87-30,"150,000",102492,,,,小牧,2023/09/06,
591,FALSE,Pt900,リング,その他,0.5,07K-850-50,"130,000",3026,0.03ct,,,yoshida,2020/03/24,
592,FALSE,Pt900,リング,その他,0.5,10T-13-50,"180,000",20358,,,,fujita,2022/08/17,
593,FALSE,Pt900,リング,その他,0.5,LRA1-1-50,"126,000",3025,,,,fujita,2023/08/18,
594,FALSE,Pt900,リング,その他,0.5,Regolith5stars-50,"170,000",3019,,,,nakayama,2016/01/31,
595,FALSE,Pt900,リング,その他,0.52,05E-107-50,"90,000",101376,,,,河野,2022/03/09,
596,FALSE,Pt900,リング,その他,0.6,03B-202-30,"200,000",103264,,,一文字,廣川,2021/06/16,
597,FALSE,Pt900,リング,その他,0.7,05C-85-70,"180,000",103377,,,,nakajima,2025/03/16,
598,FALSE,Pt900,リング,その他,1,05C-79-100,"260,000",105116,,,,tanaka,2023/11/14,
599,FALSE,Pt900,リング,その他,1,Line-BaguetteR-100,"380,000",3045,0.33ct,,,河野,2022/03/09,
600,FALSE,Pt900,リング,その他,1,Line-Ring-100,"250,000",3045,,,,muro,2020/02/23,
601,FALSE,K18,リング,ダイヤ,0.1,03B-285-10,"230,000",101579,0.28ct,,2.4,yoshida,2020/08/06,
602,FALSE,K18,リング,ダイヤ,0.2,03A-206-20,"110,000",101565,,,2.6,yoshida,不明,
603,FALSE,K18,リング,ダイヤ,0.3,03A-206-30,"130,000",101552,,,3,yoshida,2018/11/01,
604,FALSE,K18,リング,ダイヤ,0.3,03A-209-30,"190,000",20183,,,3.5,不明,不明,
605,FALSE,K18,リング,ダイヤ,0.3,03B-285-30,"230,000",101712,0.26ct,,2.70g,yoshida,不明,
606,FALSE,K18,リング,ダイヤ,0.3,03B-X046-30,"210,000",402,0.15ct,,3.7,nakayama,不明,
607,FALSE,K18,リング,ダイヤ,0.3,03B-X047-30,"190,000",20291,0.08ct,,3.6,kim,2020/08/06,
608,FALSE,K18,リング,ダイヤ,0.5,03A-406-50,"250,000",102896,,,6,muro ,2014/12/26,
609,FALSE,K18,リング,ダイヤ,0.5,03B-211-50,"150,000",101833,0.02ct,,3.3,nakayama,不明,
610,FALSE,K18,リング,ダイヤ,0.5,03B-X046-50,"270,000",402,0.20ct,,4.3,nakayama,2014/12/26,
611,FALSE,K18,リング,ダイヤ,0.5,04B-148-50,"160,000",101966,0.02ct,,3.7,nakayama,不明,
612,FALSE,K18,リング,ダイヤ,0.7,03A-170-70,"150,000",101839,,,3.5,muro ,2020/08/06,
613,FALSE,K18,リング,ダイヤ,0.7,03A-206-70,"160,000",101989,,,4,muro ,2014/12/26,
614,FALSE,K18,リング,ダイヤ,0.7,03A-206-70,"160,000",102197,,,4,yoshida,2016/07/01,
615,FALSE,K18,リング,ダイヤ,0.7,03A-209-70,"210,000",102371,,,4.8,muro ,2016/04/18,
616,FALSE,K18,リング,ダイヤ,0.7,03B-X046-70,"330,000",3025,0.25ct,,5.2,sato,2018/11/30,
617,FALSE,K18,リング,ダイヤ,0.7,03B-X046-70,"330,000",20262,0.25ct,,5.2,suzuki,2020/08/06,
618,FALSE,K18,リング,ダイヤ,CT,03A-206-100,"200,000",20246,,,4.5,yoshida,2016/04/14,
619,FALSE,K18,リング,ダイヤ,CT,03B-X046-100,"380,000",3023,0.36ct,,5.1,sato,不明,
620,FALSE,K18,リング,ダイヤ,CT,03B-X047-100,"270,000",3035,0.16ct,,4.6,komaki,2014/12/25,
621,,K18,リング,ダイヤ,1.5CT,33333,100,101,5CT,100cm,999,fu,2025/11/21,
622,FALSE,K18,リング,オーバル,100,09A-150-100,"120,000",101434,,,2.70g,muro,2022/02/02,
623,FALSE,K18,リング,オーバル,100,09A-314-100,"170,000",101982,,,3.9,tamai,不明,
624,FALSE,K18,リング,オーバル,100,15,"170,000",101982,0.3ct,,あ,fujita,2025/07/31,
625,FALSE,K18,リング,オーバル,100,604test,"170,000",101982,,,,fujita,2019/09/19,
626,FALSE,K18,リング,オーバル,100,last1,"170,000",101982,,,,fujita,2025/07/01,
627,FALSE,K18,リング,オーバル,100,last4,"170,000",101982,,,,fujita,2025/07/01,
628,FALSE,K18,リング,オーバル,100,latest12,"170,000",101982,,,,fujita,2025/07/03,
629,FALSE,K18,リング,オーバル,100,test12,"170,000",101982,,,,fujita,2025/07/02,
630,FALSE,K18,リング,オーバル,100,test15,"170,000",101982,,,,fujita,2025/07/02,
631,FALSE,K18,リング,オーバル,100,test5002,"170,000",101982,,,,fujita,2020/08/06,
632,FALSE,K18,リング,オーバル,100,test501,"170,000",101982,,,,fujita,2020/08/06,
633,FALSE,K18,リング,オーバル,200,09A-150-200,"140,000",101928,,,4.3,宮崎,2007/10/29,
634,FALSE,K18,リング,オーバル,230,ORA1-4-230,"230,000",3032,,,,fujita,2022/03/05,
635,FALSE,K18,リング,オーバル,320,09F-2-320,"360,000",20248,0.12ct,,7,不明,2023/04/18,
636,FALSE,K18,リング,パール,6,K18 crownR-6㎜,"110,000",3016,,,1.9,machii,2017/03/17,
637,FALSE,K18,リング,パール,8,Crown8,"110,000",3023,,,2.2,植田,2023/08/18,
638,FALSE,K18,リング,パール,11,PSD-974,"642,000",3085,0.55ct,,12,kida,2023/08/18,
639,FALSE,K18,リング,その他,Free,FRA0-3-0,"155,000",20224,,,,fujita,2023/04/18,
640,FALSE,K18,リング,その他,Free,FRA0-4-0,"140,000",20214,,,,fujita,2023/04/18,
641,FALSE,K18,リング,その他,Free,FreFree-Cross-R,"190,000",402,,,4,植田,2024/07/22,
642,FALSE,K18,リング,その他,Free,FreFree-Round-R,"190,000",102937,,,3.9,植田,2024/07/22,
643,FALSE,Pt900/K18,リング,ダイヤ,0.5,03A-207-50,"170,000",102379,,,4,yoshida,2018/12/01,
644,FALSE,Pt900/K18,リング,ダイヤ,0.7,03A-207-70,"170,000",102364,,,3.9,yoshida,2018/09/09,
645,FALSE,Pt900/K18,リング,ダイヤ,CT,03A-207-100,"180,000",102566,,,4.2,yoshida,2019/09/19,
646,FALSE,K18WG,リング,パール,8,ZRP-98,"118,000",3035,0.08ct,,,norita,2022/08/05,
647,FALSE,Pt900,ペンダント,ダイヤ,0.2,14B-133-20,"110,000",10772,0.06ct,,,廣川,2021/10/05,
648,FALSE,Pt900,ペンダント,ダイヤ,0.2,14B-144-20,"95,000",2095,0.08ct,,,fujita,2025/04/16,
649,FALSE,Pt900,ペンダント,ダイヤ,0.2,14B-168-20,"130,000",10906,0.16ct,,,河野,2022/03/14,
650,FALSE,Pt900,ペンダント,ダイヤ,0.2,14B-221-20,"140,000",10996,0.15ct,,,nakajima,2025/03/29,
651,FALSE,Pt900,ペンダント,ダイヤ,0.2,14B-308-20,"280,000",101907,0.54ct,,,tanaka,2023/11/14,
652,FALSE,Pt900,ペンダント,ダイヤ,0.2,14B-46-20,"70,000",2064,0.07ct,,,fujita,2022/10/14,
653,FALSE,Pt900,ペンダント,ダイヤ,0.2,14K-4-20,"70,000",10802,0.06ct,,,fujita,2023/12/10,
654,FALSE,Pt900,ペンダント,ダイヤ,0.3,14A-177-30,"55,000",10998,,,,nakajima,2025/03/16,
655,FALSE,Pt900,ペンダント,ダイヤ,0.3,14A-44-30,"45,000",2086,,,,fujita,2023/12/05,
656,FALSE,Pt900,ペンダント,ダイヤ,0.3,14A-56-30,"70,000",101346,,,,fujita,2022/09/29,
657,FALSE,Pt900,ペンダント,ダイヤ,0.3,14B-144-30,"130,000",101251,0.12ct,,,fujita,2025/04/16,
658,FALSE,Pt900,ペンダント,ダイヤ,0.3,14B-177-30,"60,000",10779,,,0.03ct,河野,2021/05/21,
659,FALSE,Pt900,ペンダント,ダイヤ,0.3,14B-194-30,"220,000",103667,0.29ct,,,nakajima,2025/01/15,
660,FALSE,Pt900,ペンダント,ダイヤ,0.3,14B-203-30,"110,000",101033,0.08ct,,,nakajima,2025/04/02,
661,FALSE,Pt900,ペンダント,ダイヤ,0.3,14B-274-30,"60,000",10891,0.02ct,,,tanaka,2023/07/14,
662,FALSE,Pt900,ペンダント,ダイヤ,0.3,14B-46-30,"120,000",2093,0.09ct,,,fujita,2023/12/10,
663,FALSE,Pt900,ペンダント,ダイヤ,0.3,15A-144-30,"50,000",2094,,,,河野,2022/11/26,
664,FALSE,Pt900,ペンダント,ダイヤ,0.3,15A-152-30,"45,000",2088,,,,nakajima,2025/03/29,
665,FALSE,Pt900,ペンダント,ダイヤ,0.3,15A-64-30,"40,000",10797,,,,tanaka,2024/01/04,
666,FALSE,Pt900,ペンダント,ダイヤ,0.3,15A-64-30,"40,000",10747,,,,tanaka,2024/01/04,
667,FALSE,Pt900,ペンダント,ダイヤ,0.3,15B-59-30,"220,000",103585,0.24ct,,,muro,2017/07/28,
668,FALSE,Pt900,ペンダント,ダイヤ,0.3,DPB2-1-30,"100,000",20145,M0.85ct,,,fujita,2023/08/18,
669,FALSE,Pt900,ペンダント,ダイヤ,0.5,14A-107-50,"45,000",10849,,,,河野,2022/03/14,
670,FALSE,Pt900,ペンダント,ダイヤ,0.5,14A-113-50,"80,000",101572,,,,nakajima,2025/03/16,
671,FALSE,Pt900,ペンダント,ダイヤ,0.5,14A-148-50,"40,000",408,,,,河野,2021/05/21,
672,FALSE,Pt900,ペンダント,ダイヤ,0.5,14A-151-50,"50,000",10872,,,,河野,2021/05/21,
673,FALSE,Pt900,ペンダント,ダイヤ,0.5,14A-160-50,"22,000",10253,,,,河野,2022/03/14,
674,FALSE,Pt900,ペンダント,ダイヤ,0.5,14A-177-50,"60,000",101068,,,,nakajima,2023/07/05,
675,FALSE,Pt900,ペンダント,ダイヤ,0.5,14A-44-50,"60,000",101113,,,,nakajima,2025/03/16,
676,FALSE,Pt900,ペンダント,ダイヤ,0.5,14A-56-50,"60,000",101189,,,,tsukamoto,2020/10/14,
677,FALSE,Pt900,ペンダント,ダイヤ,0.5,14A-77-50,"50,000",10796,,,,河野,2022/03/14,
678,FALSE,Pt900,ペンダント,ダイヤ,0.5,14B-103-50,"120,000",101222,0.08ct,,,fujita,2022/11/01,
679,FALSE,Pt900,ペンダント,ダイヤ,0.5,14B-133-50,"150,000",101371,0.12ct,,,nakajima,2025/03/27,
680,FALSE,Pt900,ペンダント,ダイヤ,0.5,14B-144-50,"140,000",101371,0.13ct,,,nakajima,2025/04/27,
681,FALSE,Pt900,ペンダント,ダイヤ,0.5,14B-193-50,"220,000",101538,0.26ct,,,KOUNO,2021/03/15,
682,FALSE,Pt900,ペンダント,ダイヤ,0.5,14B-201-50,"580,000",20992,0.79ct,,,nakajima,2025/01/15,
683,FALSE,Pt900,ペンダント,ダイヤ,0.5,14B-203-50,"140,000",101471,0.13ct,,,nakajima,2025/03/29,
684,FALSE,Pt900,ペンダント,ダイヤ,0.5,14B-221-50,"180,000",101436,0.23ct,,,fujita,2025/04/16,
685,FALSE,Pt900,ペンダント,ダイヤ,0.5,14B-262-50,"140,000",101297,0.09,,,komaki,2023/07/15,
686,FALSE,Pt900,ペンダント,ダイヤ,0.5,14B-46-50,"120,000",10815,0.13ct,,,muro,2020/02/20,
687,FALSE,Pt900,ペンダント,ダイヤ,0.5,14B-X008-50,"220,000",101707,0.18ct,,,takahashi ,2023/03/03,
688,FALSE,Pt900,ペンダント,ダイヤ,0.5,14K-11-50,"110,000",10807,0.11ct,,,河野,2021/12/26,
689,FALSE,Pt900,ペンダント,ダイヤ,0.5,15A-142-50,"45,000",10848,,,,komaki,2022/04/19,
690,FALSE,Pt900,ペンダント,ダイヤ,0.5,15A-144-50,"65,000",101232,,,,fujita,2023/12/05,
691,FALSE,Pt900,ペンダント,ダイヤ,0.5,15A-152-50,"52,000",101032,,,,nakajima,2025/03/29,
692,FALSE,Pt900,ペンダント,ダイヤ,0.5,15A-64-50,"50,000",10876,,,,tanaka,2024/01/04,
693,FALSE,Pt900,ペンダント,ダイヤ,0.5,DPB2-1-50,"200,000",3019,S1.30ct,,,fujita,2023/08/18,
694,FALSE,Pt900,ペンダント,ダイヤ,0.6,15A-152-60,"53,000",10783,,,,河野,2022/03/14,
695,FALSE,Pt900,ペンダント,ダイヤ,0.7,14A-113-70,"90,000",101818,,,,nakajima,2025/03/16,
696,FALSE,Pt900,ペンダント,ダイヤ,0.7,14A-44-70,"75,000",20136,,,,nakajima,2023/07/05,
697,FALSE,Pt900,ペンダント,ダイヤ,0.7,14A-56-70,"90,000",101782,,,,山室,2022/10/08,
698,FALSE,Pt900,ペンダント,ダイヤ,0.7,14A-75-70,"90,000",101639,,,,SK,2017/08/08,
699,FALSE,Pt900,ペンダント,ダイヤ,0.7,14B-221-70,"190,000",20152,0.24ct,,,fujita,2025/04/16,
700,FALSE,Pt900,ペンダント,ダイヤ,0.7,14B-262-70,"150,000",101458,0.12ct,,,吉野,2022/10/22,
701,FALSE,Pt900,ペンダント,ダイヤ,0.7,14B-280-70,"140,000",2097,0.18ct,,,小牧,2023/09/06,
702,FALSE,Pt900,ペンダント,ダイヤ,0.7,14B-46-70,"160,000",10877,0.18ct,,,muro,2018/03/30,
703,FALSE,Pt900,ペンダント,ダイヤ,0.7,14B-72-70,"250,000",101415,0.34ct,,,komaki,2022/04/19,
704,FALSE,Pt900,ペンダント,ダイヤ,0.7,14B-X008-70,"200,000",101775,0.26ct,,,KOUNO,2020/12/13,
705,FALSE,Pt900,ペンダント,ダイヤ,0.7,14B-X008-70,"300,000",20211,,,LGD 0.30ct,植田,2023/04/19,
706,FALSE,Pt900,ペンダント,ダイヤ,0.7,14K-4-70,"120,000",20131,0.13ct,,,山室,2022/10/08,
707,FALSE,Pt900,ペンダント,ダイヤ,0.7,15A-132-70,"58,000",20107,,,,kim,2018/11/19,
708,FALSE,Pt900,ペンダント,ダイヤ,0.7,15A-132-70,"58,000",10942,,,,hirokawa,2021/01/12,
709,FALSE,Pt900,ペンダント,ダイヤ,0.7,15A-144-70,"80,000",101601,,,,nakajima,2025/03/16,
710,FALSE,Pt900,ペンダント,ダイヤ,0.7,15A-152-70,"45,000",10799,,,,shige,2018/08/04,
711,FALSE,Pt900,ペンダント,ダイヤ,0.7,15A-64-70,"60,000",20105,,,,tanaka,2024/01/04,
712,FALSE,Pt900,ペンダント,ダイヤ,0.7,DPB2-1-70,"210,000",20215,S1.30ct,,,fujita,2023/08/18,
713,FALSE,Pt900,ペンダント,ダイヤ,0.8,14A-18-80,"35,000",10648,,,,河野,2022/03/14,
714,FALSE,Pt900,ペンダント,ダイヤ,0.8,15A-152-80,"48,000",2087,,,,komaki,2016/06/20,
715,FALSE,Pt900,ペンダント,ダイヤ,0.8,15A-152-80,"48,000",10867,,,,nakajima,2025/01/15,
716,FALSE,Pt900,ペンダント,ダイヤ,0.9,15A-152-90,"59,000",10901,,,,河野,2022/03/14,
717,FALSE,Pt900,ペンダント,ダイヤ,CT,14A-117-100,"85,000",101709,,,,河野,2022/03/14,
718,FALSE,Pt900,ペンダント,ダイヤ,CT,14A-75-100,"110,000",20320,,,,河野,2022/03/14,
719,FALSE,Pt900,ペンダント,ダイヤ,CT,14B-103-100,"160,000",101292,0.13ct,,,SK,2019/02/16,
720,FALSE,Pt900,ペンダント,ダイヤ,CT,14B-201-100,"1,425,000",3089,0.72ct,,,kida,2017/03/07,
721,FALSE,Pt900,ペンダント,ダイヤ,CT,14B-202-100,"600,000",1010237,0.86ct,,,muro,2017/07/28,
722,FALSE,Pt900,ペンダント,ダイヤ,CT,14B-221-100,"200,000",101591,0.25ct,,,tanaka,2023/08/02,
723,FALSE,Pt900,ペンダント,ダイヤ,CT,14B-221-100,"200,000",101326,0.25ct,,,nakajima,2025/01/15,
724,FALSE,Pt900,ペンダント,ダイヤ,CT,14B-225-100,"650,000",1011662,0.84ct,,,muro,2017/07/28,
725,FALSE,Pt900,ペンダント,ダイヤ,CT,14B-366-100,"160,000",101156,0.15ct,,,KOUNO,2019/04/03,
726,FALSE,Pt900,ペンダント,ダイヤ,CT,14B-46-100,"180,000",10999,0.21ct,,,yoshida,2020/08/02,
727,FALSE,Pt900,ペンダント,ダイヤ,CT,14B-72-100,"280,000",101647,0.39ct,,,muro,2017/04/15,
728,FALSE,Pt900,ペンダント,ダイヤ,CT,14B-72-100,"280,000",101681,0.39ct,,,tanaka,2023/11/14,
729,FALSE,Pt900,ペンダント,ダイヤ,CT,14B-83-100,"160,000",101455,0.20ct,,,KOUNO,2017/09/02,
730,FALSE,Pt900,ペンダント,ダイヤ,CT,14B144-100,"200,000",101401,0.22ct,,,shige,2024/04/25,
731,FALSE,Pt900,ペンダント,ダイヤ,CT,14K-4-100,"180,000",101172,0.14ct,,,tanaka,2023/11/14,
732,FALSE,Pt900,ペンダント,ダイヤ,CT,BaPri-Pri-100,"160,000",402,0.19ct,,,muro,2018/01/23,
733,FALSE,Pt900,ペンダント,ダイヤ,CT,DPB2-1-100,"280,000",3032,S1.50ct,,,fujita,2023/08/18,
734,FALSE,Pt900,ペンダント,ダイヤ,CT,Doubleclaw-100,"40,000",306,,,,nakajima,2022/07/23,
735,FALSE,Pt900,ペンダント,ダイヤ,CT,Doubleclaw-100,"40,000",306,,,,nakajima,2022/07/23,
736,FALSE,Pt900,ペンダント,ダイヤ,CT,Horseshoe-D-100,"240,000",3021,0.26ct,,,kim,2018/11/19,
737,FALSE,Pt900,ペンダント,ダイヤ,CT,POG-10,"82,000",101633,,,,nakajima,2025/01/15,
738,FALSE,Pt900,ペンダント,ダイヤ,1.5CT,15A-64-150,"70,000",101338,,,,YUKARI,2020/09/18,
739,FALSE,Pt900,ペンダント,ダイヤ,2CT,14A-148-200,"60,000",101143,,,,nakajima,2014/05/13,
740,FALSE,Pt900,ペンダント,ダイヤ,2CT,14B-221-200,"250,000",101934,0.28ct,,,fujita,2024/01/10,
741,FALSE,Pt900,ペンダント,ダイヤ,2CT,14K-11-200,"300,000",101762,0.28ct,,,nakajima,2023/07/18,
742,FALSE,Pt900,ペンダント,オーバル,80,OPA1-5-80,"33,000",2059,,,,komaki,2025/02/27,
743,FALSE,Pt900,ペンダント,オーバル,90,19B-117-90,"330,000",3024,0.25ct,,,廣川,2021/06/16,
744,FALSE,Pt900,ペンダント,オーバル,90,OPA1-5-90,"35,000",2061,,,,komaki,2025/02/27,
745,FALSE,Pt900,ペンダント,オーバル,100,OPA1-5-100,"46,000",2075,,,,fujita,2024/12/06,
746,FALSE,Pt900,ペンダント,オーバル,110,19A-1-110D,"29,000",10572,,,,komaki,2025/02/07,
747,FALSE,Pt900,ペンダント,オーバル,120,19B-213-120,"100,000",101327,0.04ct,,,komaki,2023/07/15,
748,FALSE,Pt900,ペンダント,オーバル,120,19B-227-120,"170,000",101515,0.14ct,,,nakajima,2025/04/09,
749,FALSE,Pt900,ペンダント,オーバル,120,19B-242-120,"300,000",101271,0.35ct,,,廣川,2021/06/16,
750,FALSE,Pt900,ペンダント,オーバル,120,19K-13-120,"130,000",101114,0.09ct,,,廣川,2021/06/16,
751,FALSE,Pt900,ペンダント,オーバル,120,19K-37-120,"800,000",101843,1.32ct,,,muro,2016/11/30,
752,FALSE,Pt900,ペンダント,オーバル,120,19K-39-120,"300,000",101492,0.43ct,,,komaki,2017/01/11,
753,FALSE,Pt900,ペンダント,オーバル,120,19K-4-120,"140,000",101234,0.18ct,,,KOUNO,2018/04/10,
754,FALSE,Pt900,ペンダント,オーバル,130,OPA1-1-130,"40,000",2048,,,,fujita,2024/04/03,
755,FALSE,Pt900,ペンダント,オーバル,130,OPA1-5-130,"56,000",20101,,,,fujita,2024/10/22,
756,FALSE,Pt900,ペンダント,オーバル,140,19A-1-140E,"36,000",10604,,,,komaki,2025/02/07,
757,FALSE,Pt900,ペンダント,オーバル,140,19A-129-140,"90,000",101762,,,,nakajima,2025/03/16,
758,FALSE,Pt900,ペンダント,オーバル,140,19B-113-140,"160,000",101934,0.09ct,,,nakajima,2025/03/27,
759,FALSE,Pt900,ペンダント,オーバル,140,19B-138-140,"100,000",101691,0.04ct,,,河野,2022/03/14,
760,FALSE,Pt900,ペンダント,オーバル,140,19B-227-140,"180,000",101627,0.16ct,,,nakajima,2025/04/09,
761,FALSE,Pt900,ペンダント,オーバル,140,19B-280-140,"90,000",101384,0.03ct,,,竹内,2023/02/11,
762,FALSE,Pt900,ペンダント,オーバル,140,19K-12-140,"140,000",101115,0.11ct,,,tanaka,2023/11/14,
763,FALSE,Pt900,ペンダント,オーバル,140,19K-37-140,"900,000",20201,1.53ct,,,shige,2017/07/29,
764,FALSE,Pt900,ペンダント,オーバル,140,OPA1-5-140,"59,000",20106,,,,fujita,2024/10/22,
765,FALSE,Pt900,ペンダント,オーバル,140,OPB1-1-140,"140,000",20125,0.14ct,,,nakajima,2025/01/08,
766,FALSE,Pt900,ペンダント,オーバル,150,19A-114-150,"33,000",10602,,,,komaki,2025/02/07,
767,FALSE,Pt900,ペンダント,オーバル,150,19A-57-150,"65,000",101094,,,,kida,2017/04/04,
768,FALSE,Pt900,ペンダント,オーバル,150,19A-57-150,"65,000",20129,,,,河野,2022/03/14,
769,FALSE,Pt900,ペンダント,オーバル,150,OPA1-1-150,"50,000",2045,,,,tanaka,2023/05/25,
770,FALSE,Pt900,ペンダント,オーバル,150,OPA1-5-150,"60,000",20106,,,,fujita,2024/10/22,
771,FALSE,Pt900,ペンダント,オーバル,150,OPB1-1-150,"170,000",20145,0.18ct,,,nakajima,2025/01/08,
772,FALSE,Pt900,ペンダント,オーバル,160,19A-103-160,"60,000",101123,,,,fujita,2023/03/08,
773,FALSE,Pt900,ペンダント,オーバル,160,19A-114-160,"40,000",10734,,,,nakajima,2023/07/05,
774,FALSE,Pt900,ペンダント,オーバル,160,19A-122-160,"40,000",10805,,,,komaki,2018/06/16,
775,FALSE,Pt900,ペンダント,オーバル,160,19A-129-160,"105,000",20205,,,,nakajima,2025/03/16,
776,FALSE,Pt900,ペンダント,オーバル,160,19A-29-160,"96,000",101912,,,,青山,2024/07/04,
777,FALSE,Pt900,ペンダント,オーバル,160,19B-109-160,"160,000",101713,0.09ct,,,tanaka,2023/11/14,
778,FALSE,Pt900,ペンダント,オーバル,160,19B-113-160,"170,000",102205,0.09ct,,,nakajima,2025/03/27,
779,FALSE,Pt900,ペンダント,オーバル,160,19B-227-160,"200,000",101988,0.17ct,,,nakajima,2025/03/29,
780,FALSE,Pt900,ペンダント,オーバル,160,19B-280-160,"90,000",101301,0.04ct,,,KOUNO,2021/03/21,
781,FALSE,Pt900,ペンダント,オーバル,160,19B-280-160,"120,000",101899,0.04ct,,,nakajima,2025/03/23,
782,FALSE,Pt900,ペンダント,オーバル,160,19K-13-160,"140,000",101376,0.13ct,,,tanaka,2023/11/14,
783,FALSE,Pt900,ペンダント,オーバル,160,19K-37-160,"1,000,000",102122,1.61ct,,,nakajima,2017/02/09,
784,FALSE,Pt900,ペンダント,オーバル,160,OPA1-1-160,"55,000",305,,,,tanaka,2023/05/25,
785,FALSE,Pt900,ペンダント,オーバル,160,OPA1-5-160,"66,000",3012,,,,fujita,2024/10/22,
786,FALSE,Pt900,ペンダント,オーバル,160,OPB1-1-160,"230,000",3018,0.25ct,,,komaki,2025/02/05,
787,FALSE,Pt900,ペンダント,オーバル,170,19A-1-170F,"41,000",10749,,,,komaki,2025/02/07,
788,FALSE,Pt900,ペンダント,オーバル,170,19B-178-170,"150,000",102356,0.08ct,,,fujita,2022/10/15,
789,FALSE,Pt900,ペンダント,オーバル,170,19B-180-170,"160,000",102037,0.11ct,,,SK,2019/01/18,
790,FALSE,Pt900,ペンダント,オーバル,170,19H-30-170,"640,000",102234,1.60ct,,,不明,2010/03/23,
791,FALSE,Pt900,ペンダント,オーバル,180,19A-1-180,"42,000",10749,,,,komaki,2025/02/07,
792,FALSE,Pt900,ペンダント,オーバル,180,19A-114-180,"45,000",10808,,,,nakajima,2023/07/05,
793,FALSE,Pt900,ペンダント,オーバル,180,19A-129-180,"120,000",20239,,,,komaki,2025/04/05,
794,FALSE,Pt900,ペンダント,オーバル,180,19A-99-180,"90,000",101643,,,,kida,2017/04/04,
795,FALSE,Pt900,ペンダント,オーバル,180,19B-113-180,"180,000",102233,0.08ct,,,fujita,2023/03/08,
796,FALSE,Pt900,ペンダント,オーバル,180,19B-227-180,"200,000",20185,0.16ct,,,tanaka,2023/11/14,
797,FALSE,Pt900,ペンダント,オーバル,180,19B-227-180,"220,000",102009,0.18ct,,,komaki,2023/02/20,
798,FALSE,Pt900,ペンダント,オーバル,180,19B-248-180,"150,000",101912,0.07ct,,,坂井,2024/10/08,
799,FALSE,Pt900,ペンダント,オーバル,180,19B-280-180,"130,000",102135,0.04ct,,,fujita,2025/04/16,
800,FALSE,Pt900,ペンダント,オーバル,180,19B-357-180,"150,000",20235,0.04ct,,,nakajima,2023/07/18,
801,FALSE,Pt900,ペンダント,オーバル,180,19B-72-180,"150,000",102046,0.10ct,,,nakayama,2014/10/22,
802,FALSE,Pt900,ペンダント,オーバル,180,19H-1-180,"200,000",101562,0.26ct,,,河野,2022/03/14,
803,FALSE,Pt900,ペンダント,オーバル,180,19H-58-180,"380,000",102412,0.37ct,,,shige,不明,
804,FALSE,Pt900,ペンダント,オーバル,180,19K-14-180,"190,000",101297,0.24ct,,,河野,2022/03/14,
805,FALSE,Pt900,ペンダント,オーバル,180,19K-14-180,"220,000",20273,0.24ct,,,tanaka,2023/11/14,
806,FALSE,Pt900,ペンダント,オーバル,180,19K-4-180,"250,000",20172,0.42ct,,,muro,2018/04/06,
807,FALSE,Pt900,ペンダント,オーバル,180,OPA1-5-180,"77,000",3014,,,,fujita,2024/10/22,
808,FALSE,Pt900,ペンダント,オーバル,180,OPB1-1-180,"270,000",20215,0.30ct,,,nakajima,2025/01/08,
809,FALSE,Pt900,ペンダント,オーバル,180,SAHA-1844-PO180,"600,000",403,0.71ct,,,kida,2017/03/17,
810,FALSE,Pt900,ペンダント,オーバル,190,19A-1-190C,"43,000",10787,,,,komaki,2025/02/07,
811,FALSE,Pt900,ペンダント,オーバル,190,19B-178-190,"150,000",20199,0.02ct,,,hirokawa,2019/04/16,
812,FALSE,Pt900,ペンダント,オーバル,190,19B-180-190,"210,000",102386,0.14ct,,,tanaka,2023/11/14,
813,FALSE,Pt900,ペンダント,オーバル,200,19A-1-200,"40,000",10699,,,,shige,2017/04/20,
814,FALSE,Pt900,ペンダント,オーバル,200,19A-113-200,"45,000",10705,,,,河野,2022/09/13,
815,FALSE,Pt900,ペンダント,オーバル,200,19A-113-200,"45,000",10705,,,,河野,2022/09/13,
816,FALSE,Pt900,ペンダント,オーバル,200,19A-1R-200,"40,000",2077,,,,shige,2024/09/15,
817,FALSE,Pt900,ペンダント,オーバル,200,19A-66-200,"85,000",101337,,,,tanaka,2023/11/14,
818,FALSE,Pt900,ペンダント,オーバル,200,19A-84-200,"100,000",101577,,,,muro,2021/02/16,
819,FALSE,Pt900,ペンダント,オーバル,200,19A-98-200,"130,000",102775,,,,komaki,2016/05/10,
820,FALSE,Pt900,ペンダント,オーバル,200,19A-98-200,"130,000",20331,,,,SK,2017/02/06,
821,FALSE,Pt900,ペンダント,オーバル,200,19B-113-200,"190,000",102064,0.10ct,,,nakayama,2015/12/01,
822,FALSE,Pt900,ペンダント,オーバル,200,19B-184-200,"150,000",101598,0.09ct,,,河野,2022/03/14,
823,FALSE,Pt900,ペンダント,オーバル,200,19B-280-200,"160,000",102168,0.04ct,,,竹内,2023/02/11,
824,FALSE,Pt900,ペンダント,オーバル,200,19B-72-200,"160,000",101939,0.12ct,,,kida,2017/04/12,
825,FALSE,Pt900,ペンダント,オーバル,200,19B-85-200,"220,000",101815,0.25ct,,,norita,2018/11/28,
826,FALSE,Pt900,ペンダント,オーバル,200,19B-9-200,"130,000",101884,0.07ct,,,SK,2014/05/31,
827,FALSE,Pt900,ペンダント,オーバル,200,19H-42-200,"360,000",102359,0.20ct,,,廣川,2021/06/16,
828,FALSE,Pt900,ペンダント,オーバル,200,19H-58-200,"420,000",102817,0.39ct,,,shige,2019/08/30,
829,FALSE,Pt900,ペンダント,オーバル,200,19K-14-200,"240,000",101475,0.43ct,,,SK,2015/12/07,
830,FALSE,Pt900,ペンダント,オーバル,200,19K-15-200,"170,000",101741,0.22ct,,,nakayama,2015/12/03,
831,FALSE,Pt900,ペンダント,オーバル,200,19K-4-200,"280,000",101827,0.48ct,,,komaki,2018/04/21,
832,FALSE,Pt900,ペンダント,オーバル,200,OPA1-1-200,"70,000",2085,,,,tanaka,2023/05/25,
833,FALSE,Pt900,ペンダント,オーバル,200,OPA1-3-200,"110,000",20194,,,,tanaka,2024/07/22,
834,FALSE,Pt900,ペンダント,オーバル,200,OPA1-5-200,"78,000",20141,,,,fujita,2024/10/22,
835,FALSE,Pt900,ペンダント,オーバル,200,OPB1-1-200,"380,000",20259,0.48ct,,,nakajima,2025/01/08,
836,FALSE,Pt900,ペンダント,オーバル,210,19A-1-210,"43,000",10732,,,,muro,2015/11/04,
837,FALSE,Pt900,ペンダント,オーバル,210,19A-111-210,"48,000",10894,,,,河野,2022/08/06,
838,FALSE,Pt900,ペンダント,オーバル,210,19A-2-210,"100,000",101977,,,,河野,2022/03/14,
839,FALSE,Pt900,ペンダント,オーバル,210,19A-X001-210,"50,000",101036,,,,muro,2015/05/01,
840,FALSE,Pt900,ペンダント,オーバル,210,19B-178-210,"160,000",102141,0.10ct,,,yoshida,2018/06/07,
841,FALSE,Pt900,ペンダント,オーバル,210,19B-183-210,"260,000",20278,0.15ct,,,muro,2017/05/17,
842,FALSE,Pt900,ペンダント,オーバル,210,19B-54-210,"140,000",20290,0.08ct,,,河野,2022/03/14,
843,FALSE,Pt900,ペンダント,オーバル,210,19B-85-210-B,"220,000",102745,0.26ct,,,nakayama,2014/11/21,
844,FALSE,Pt900,ペンダント,オーバル,220,19A-1-220,"46,000",10792,,,,shige,2017/04/20,
845,FALSE,Pt900,ペンダント,オーバル,220,19A-101-220,"100,000",101575,,,,tanaka,2023/11/14,
846,FALSE,Pt900,ペンダント,オーバル,220,19A-103-220,"110,000",101892,,,,nakajima,2023/07/05,
847,FALSE,Pt900,ペンダント,オーバル,220,19A-107-220,"110,000",102099,,,,nakayama,2019/04/07,
848,FALSE,Pt900,ペンダント,オーバル,220,19A-114-220,"46,000",10826,,,,sato,2017/11/27,
849,FALSE,Pt900,ペンダント,オーバル,220,19A-114-220,"60,000",20108,,,,nakajima,2023/07/05,
850,FALSE,Pt900,ペンダント,オーバル,220,19A-X001-220,"52,000",101172,,,,SK,2014/08/01,
851,FALSE,Pt900,ペンダント,オーバル,220,19B-113-220,"200,000",20226,0.09ct,,,shige,2019/05/20,
852,FALSE,Pt900,ペンダント,オーバル,220,19B-227-220,"240,000",102328,0.24ct,,,KOUNO,2017/11/01,
853,FALSE,Pt900,ペンダント,オーバル,220,19B-248-220,"150,000",20209,0.07ct,,,takahashi,2023/03/03,
854,FALSE,Pt900,ペンダント,オーバル,220,19B-280-220,"150,000",102299,0.05ct,,,komaki,2023/02/20,
855,FALSE,Pt900,ペンダント,オーバル,220,19B-286-220,"180,000",3035,"0,05ct",,,yoshida,2022/12/09,
856,FALSE,Pt900,ペンダント,オーバル,220,19B-357-220,"190,000",102148,0.05ct,,,yoshida,2020/08/02,
857,FALSE,Pt900,ペンダント,オーバル,220,19B-53-220,"150,000",102262,0.09ct,,,tamai,2017/04/28,
858,FALSE,Pt900,ペンダント,オーバル,220,19B-72-220,"180,000",102065,0.14ct,,,YUKARI,2018/09/10,
859,FALSE,Pt900,ペンダント,オーバル,220,19B-85-220,"250,000",101964,0.30ct,,,komaki,2018/05/13,
860,FALSE,Pt900,ペンダント,オーバル,220,19H-58-220,"460,000",103609,0.41ct,,,kim,2018/11/15,
861,FALSE,Pt900,ペンダント,オーバル,220,19K-14-220,"300,000",101631,0.44ct,,,komaki,2017/10/13,
862,FALSE,Pt900,ペンダント,オーバル,220,19K-14-220,"300,000",101763,0.57ct,,,河野,2022/03/14,
863,FALSE,Pt900,ペンダント,オーバル,220,19K-4-220,"350,000",102108,0.60ct,,,komaki,2018/04/22,
864,FALSE,Pt900,ペンダント,オーバル,220,OPA1-1-220,"75,000",2085,,,,tanaka,2023/05/25,
865,FALSE,Pt900,ペンダント,オーバル,220,OPA1-3-220,"130,000",3022,,,,tanaka,2024/07/22,
866,FALSE,Pt900,ペンダント,オーバル,220,OPA1-5-220,"80,000",3014,,,,fujita,2024/10/22,
867,FALSE,Pt900,ペンダント,オーバル,220,OPB1-1-220,"500,000",20295,0.69ct,,,komaki,2025/02/05,
868,FALSE,Pt900,ペンダント,オーバル,230,19A-1-230,"49,000",10894,,,,nakayama,2015/12/01,
869,FALSE,Pt900,ペンダント,オーバル,230,19A-1-L-230,"65,000",10800,,,,河野,2022/03/14,
870,FALSE,Pt900,ペンダント,オーバル,230,19B-183-230,"270,000",102991,0.15ct,,,KOUNO,2018/11/02,
871,FALSE,Pt900,ペンダント,オーバル,240,19A-107-240,"180,000",102197,,,,廣川,2021/06/16,
872,FALSE,Pt900,ペンダント,オーバル,240,19A-X001-240,"56,000",101206,,,,muro,2018/01/23,
873,FALSE,Pt900,ペンダント,オーバル,240,19B-113-240,"250,000",103275,0.12ct,,,tanaka,2023/07/09,
874,FALSE,Pt900,ペンダント,オーバル,240,19B-72-240,"190,000",20273,0.10ct,,,tanaka,2023/11/14,
875,FALSE,Pt900,ペンダント,オーバル,240,19B-85-240,"270,000",102231,0.35ct,,,shige,2017/04/17,
876,FALSE,Pt900,ペンダント,オーバル,240,OPA1-1-240,"80,000",401,,,,tanaka,2023/05/25,
877,FALSE,Pt900,ペンダント,オーバル,240,OPA1-2-240,"100,000",3017,,,,shige,2024/05/24,
878,FALSE,Pt900,ペンダント,オーバル,240,OPA1-3-240,"140,000",3026,,,,tanaka,2024/07/22,
879,FALSE,Pt900,ペンダント,オーバル,240,OPA1-5-240,"95,000",3017,,,,fujita,2024/10/22,
880,FALSE,Pt900,ペンダント,オーバル,240,OPB1-1-240,"630,000",20356,0.89ct,,,komaki,2025/02/07,
881,FALSE,Pt900,ペンダント,オーバル,250,19A-114-250L,"80,000",20156,,,,fujita,2017/10/28,
882,FALSE,Pt900,ペンダント,オーバル,250,19A-１R-250,"65,000",20132,,,,shige,2022/06/10,
883,FALSE,Pt900,ペンダント,オーバル,250,19B-178-250,"180,000",102586,0.13ct,,,norita,2019/10/22,
884,FALSE,Pt900,ペンダント,オーバル,250,19B-183-250,"300,000",103272,0.16ct,,,muro,2017/05/17,
885,FALSE,Pt900,ペンダント,オーバル,250,19K-8-250,"380,000",103418,0.42ct,,,tanaka,2023/11/14,
886,FALSE,Pt900,ペンダント,オーバル,260,19A-1-260,"58,000",10947,,,,shige,2017/04/20,
887,FALSE,Pt900,ペンダント,オーバル,260,19A-1R-260,"68,000",20125,,,,komaki,2018/10/03,
888,FALSE,Pt900,ペンダント,オーバル,260,19A-2-260,"150,000",102457,,,,tanaka,2023/11/14,
889,FALSE,Pt900,ペンダント,オーバル,260,19B-113-260,"260,000",103569,0.12ct,,,tanaka,2023/07/09,
890,FALSE,Pt900,ペンダント,オーバル,260,19B-263-260,"230,000",20239,0.09ct,,,shige,2024/09/15,
891,FALSE,Pt900,ペンダント,オーバル,260,19B-280-260,"190,000",102962,0.08ct,,,竹内,2023/02/11,
892,FALSE,Pt900,ペンダント,オーバル,260,19B-85-260,"290,000",102723,0.32ct,,,KOUNO,2018/02/25,
893,FALSE,Pt900,ペンダント,オーバル,260,19K-4-260,"380,000",102442,0.70ct,,,komaki,2018/04/22,
894,FALSE,Pt900,ペンダント,オーバル,260,OPA1-1-260,"85,000",3011,,,,tanaka,2023/05/25,
895,FALSE,Pt900,ペンダント,オーバル,260,OPA1-3-260,"150,000",20253,,,,tanaka,2024/07/22,
896,FALSE,Pt900,ペンダント,オーバル,260,OPA1-5-260,"110,000",3019,,,,fujita,2024/10/22,
897,FALSE,Pt900,ペンダント,オーバル,270,19A-1-270,"61,000",101029,,,,nakayama,2017/09/21,
898,FALSE,Pt900,ペンダント,オーバル,270,19A-1-270,"61,000",10913,,,,河野,2022/03/14,
899,FALSE,Pt900,ペンダント,オーバル,270,19A-X001-270,"68,000",101512,,,,SK,2014/08/01,
900,FALSE,Pt900,ペンダント,オーバル,270,19B-178-270,"190,000",102391,0.13ct,,,YUKARI,2018/09/10,
901,FALSE,Pt900,ペンダント,オーバル,270,19B-183-270,"320,000",103557,0.19ct,,,norita,2017/10/31,
902,FALSE,Pt900,ペンダント,オーバル,280,19A-1-280,"64,000",101043,,,,shige,2017/04/20,
903,FALSE,Pt900,ペンダント,オーバル,280,19A-1R-280,"73,000",20126,,,,komaki,2018/10/03,
904,FALSE,Pt900,ペンダント,オーバル,280,19B-113-280,"300,000",104145,0.12ct,,,tanaka,2023/07/09,
905,FALSE,Pt900,ペンダント,オーバル,280,19K-4-280,"430,000",102651,0.78ct,,,muro,2018/04/09,
906,FALSE,Pt900,ペンダント,オーバル,280,OPA1-1-280,"95,000",3011,,,,tanaka,2023/05/25,
907,FALSE,Pt900,ペンダント,オーバル,280,OPA1-2-280,"120,000",2015,,,,shige,2024/05/24,
908,FALSE,Pt900,ペンダント,オーバル,280,OPA1-3-280,"160,000",3028,,,,tanaka,2024/07/22,
909,FALSE,Pt900,ペンダント,オーバル,280,OPA1-5-280,"120,000",20202,,,,fujita,2024/10/22,
910,FALSE,Pt900,ペンダント,オーバル,290,19A-1-290,"67,000",101076,,,,nakajima,2017/06/03,
911,FALSE,Pt900,ペンダント,オーバル,290,19A-X111-290,"85,000",3021,,,,yoshida,2022/02/02,
912,FALSE,Pt900,ペンダント,オーバル,300,19A-114-300,"100,000",101861,,,,tanaka,2023/01/28,
913,FALSE,Pt900,ペンダント,オーバル,300,19B-183-300,"340,000",103881,0.20ct,,,komaki,2016/11/28,
914,FALSE,Pt900,ペンダント,オーバル,300,19B-227-300,"350,000",103044,0.40ct,,,muro,2018/08/22,
915,FALSE,Pt900,ペンダント,オーバル,300,OPA1-1-300,"100,000",20135,,,,yoshida,2023/09/19,
916,FALSE,Pt900,ペンダント,オーバル,300,OPA1-3-300,"180,000",3032,,,,tanaka,2024/07/22,
917,FALSE,Pt900,ペンダント,オーバル,300,OPA1-5-300,"140,000",3024,,,,fujita,2024/10/22,
918,FALSE,Pt900,ペンダント,オーバル,310,19B-280-310,"300,000",104901,0.15ct,,,fujita,2022/12/02,
919,FALSE,Pt900,ペンダント,オーバル,320,19B-183-320,"360,000",103879,0.22ct,,,komaki,2016/11/28,
920,FALSE,Pt900,ペンダント,オーバル,320,OPA1-2-320,"150,000",20265,,,,shige,2024/05/24,
921,FALSE,Pt900,ペンダント,オーバル,320,OPA1-3-320,"200,000",3035,,,,tanaka,2024/07/22,
922,FALSE,Pt900,ペンダント,オーバル,320,OPA1-5-320,"150,000",3026,,,,fujita,2024/10/22,
923,FALSE,Pt900,ペンダント,オーバル,330,19H-66-330,"400,000",103843,0.30ct,,,河野,2022/03/14,
924,FALSE,Pt900,ペンダント,オーバル,340,OPA1-3-340,"220,000",20396,,,,tanaka,2024/07/22,
925,FALSE,Pt900,ペンダント,オーバル,360,OPA1-2-360,"190,000",20335,,,,shige,2024/05/24,
926,FALSE,Pt900,ペンダント,オーバル,360,OPA1-3-360,"240,000",20421,,,,tanaka,2024/07/22,
927,FALSE,Pt900,ペンダント,パール,Free,18B-8094,"120,000",20235,0.09ct,,,nakajima,2024/10/27,
928,FALSE,Pt900,ペンダント,パール,Free,18B-8100,"100,000",402,0.09ct,,,nakajima,2024/10/27,
929,FALSE,Pt900,ペンダント,パール,Free,PPA0-1-90,"200,000",3036,,,,komaki,2025/02/27,
930,FALSE,Pt900,ペンダント,パール,Free,PPA0-2-90,"220,000",3039,,,,komaki,2025/02/27,
931,FALSE,Pt900,ペンダント,パール,3,PTA1-B-30,"70,000",20125,,,天珠3mm用,fujita,2023/10/27,
932,FALSE,Pt900,ペンダント,パール,3,PTA1-D-30,"70,000",3012,,,天珠3mm用,fujita,2023/10/27,
933,FALSE,Pt900,ペンダント,パール,3,PTA1-F-30,"70,000",3011,,,天珠3mm用,fujita,2023/10/27,
934,FALSE,Pt900,ペンダント,パール,3,PTA1-H-30,"78,000",20125,,,,tanaka,2023/11/29,
935,FALSE,Pt900,ペンダント,パール,3,PTA1-J-30,"60,000",10983,,,,tanaka,2023/11/29,
936,FALSE,Pt900,ペンダント,パール,3,PTA1-L-30,"68,000",3011,,,,tanaka,2023/11/29,
937,FALSE,Pt900,ペンダント,パール,3,PTA1-N-30,"68,000",3011,,,,tanaka,2023/11/29,
938,FALSE,Pt900,ペンダント,パール,3,PTA1-P-30,"90,000",20152,,,,tanaka,2023/11/30,
939,FALSE,Pt900,ペンダント,パール,3,PTA1-R-30,"78,000",20125,,,,tanaka,2023/11/29,
940,FALSE,Pt900,ペンダント,パール,3,PTA1-T-30,"68,000",3011,,,,tanaka,2023/11/29,
941,FALSE,Pt900,ペンダント,パール,3,PTA1-V-30,"65,000",20105,,,,tanaka,2023/11/29,
942,FALSE,Pt900,ペンダント,パール,3,PTA1-X-30,"68,000",3011,,,,tanaka,2023/11/29,
943,FALSE,Pt900,ペンダント,パール,3,PTA1-Z-30,"68,000",3011,,,,tanaka,2023/11/29,
944,FALSE,Pt900,ペンダント,パール,5,PD-PA017-50,"50,000",308,,,,komaki,2025/05/14,
945,FALSE,Pt900,ペンダント,パール,7,PPB1-1-70,"191,000",3018,S1.00ct,,,fujita,2023/08/18,
946,FALSE,Pt900,ペンダント,パール,8,18B-150-80,"80,000",101416,0.02ct,,,nakajima,2025/03/23,
947,FALSE,Pt900,ペンダント,パール,8,Crown8,"60,000",3011,,,,植田,2023/04/18,
948,FALSE,Pt900,ペンダント,パール,8,PPA1-1-80,"75,000",3013,,,8mm,yoshida,2024/11/11,
949,FALSE,Pt900,ペンダント,パール,8,PPA1-2-80,"70,000",3013,,,1.3,fujita,2023/08/18,
950,FALSE,Pt900,ペンダント,パール,9,18A-100-90,"85,000",101637,,,,nakajima,2023/07/12,
951,FALSE,Pt900,ペンダント,パール,9,18B-104-90,"160,000",20246,0.05ct,,,河野,2022/03/14,
952,FALSE,Pt900,ペンダント,パール,9,18B-150-90,"100,000",101585,0.03ct,,,nakajima,2025/03/23,
953,FALSE,Pt900,ペンダント,パール,9,18B-196-90,"100,000",101271,0.05ct,,,komaki,2023/02/20,
954,FALSE,Pt900,ペンダント,パール,9,PD-PA017-90,"70,000",3012,,,,komaki,2025/05/14,
955,FALSE,Pt900,ペンダント,パール,9,PPA1-3-90,"80,000",20137,,,,坂井,2024/10/08,
956,FALSE,Pt900,ペンダント,パール,9,PPA1-4-90,"75,000",20128,,,,坂井,2024/10/08,
957,FALSE,Pt900,ペンダント,パール,9,PPA1-5-90,"65,000",3012,,,,fujita,2024/10/24,
958,FALSE,Pt900,ペンダント,パール,9,PPA1-6-90,"70,000",3013,,,,fujita,2024/10/24,
959,FALSE,Pt900,ペンダント,パール,9,PPA1-7-90,"75,000",3013,,,,fujita,2024/10/24,
960,FALSE,Pt900,ペンダント,パール,9,PPA1-8-90,"65,000",3012,,,,fujita,2024/10/24,
961,FALSE,Pt900,ペンダント,パール,9,PPA1-9-90,"75,000",20125,,,8.5-9mm,yoshida,2024/11/11,
962,FALSE,Pt900,ペンダント,パール,9,PPB1-1-90,"227,000",3022,S1.65ct,,,fujita,2023/08/18,
963,FALSE,Pt900,ペンダント,パール,10,18A-100-100,"95,000",101815,,,,tanaka,2023/01/28,
964,FALSE,Pt900,ペンダント,パール,10,18B-152-100,"150,000",102175,0.07ct,,,nakajima,2023/07/18,
965,FALSE,Pt900,ペンダント,パール,10,18B-154-100,"95,000",101375,0.04ct,,,kim,2019/09/14,
966,FALSE,Pt900,ペンダント,パール,10,18B-154-100,"120,000",101671,0.04ct,,,tanaka,2023/11/14,
967,FALSE,Pt900,ペンダント,パール,10,18B-202-100,"200,000",103295,0.04ct,,,komaki,2025/02/05,
968,FALSE,Pt900,ペンダント,パール,11,PPB1-1-110,"255,000",3024,S1.83ct,,,fujita,2023/08/18,
969,FALSE,Pt900,ペンダント,パール,12,18B-279-120,"170,000",101224,0.22ct,,,nakajima,2023/07/18,
970,FALSE,Pt900,ペンダント,パール,12,18B-297-120,"170,000",102855,0.05ct,,,nakajima,2025/01/15,
971,FALSE,Pt900,ペンダント,パール,12,18H-19-120,"320,000",103839,0.25ct,,,nakajima,2025/04/02,
972,FALSE,Pt900,ペンダント,パール,80,18B-152-80,"130,000",20188,0.05ct,,,fujita,2025/04/16,
973,FALSE,Pt900,ペンダント,パール,90,18B-152-90,"140,000",102088,0.06ct,,,fujita,2025/04/16,
974,FALSE,Pt900,ペンダント,パール,100,18B-150-100,"110,000",101796,0.03ct,,,fujita,2025/04/16,
975,FALSE,Pt900,ペンダント,スクエア,110*160,20A-46-110*160,"100,000",101781,,,,komaki,2023/10/11,
976,FALSE,Pt900,ペンダント,スクエア,90*110,20A-46-90-110,"58,000",101044,,,,河野,2022/08/06,
977,FALSE,Pt900,ペンダント,その他,65*120,21C-52-65x120,"28,000",103686,,,,河野,2022/03/16,
978,FALSE,Pt900,ペンダント,その他,65*85,21E-102-65-85,"30,000",10491,,,中石=ペアシェイプ,KOUNO,2018/03/28,
979,FALSE,Pt900,ペンダント,その他,M,BAA0-2-0,"85,000",3015,,,,fujita,2024/10/24,
980,FALSE,Pt900,ペンダント,その他,L,BAA0-3-0,"90,000",3016,,,,fujita,2024/10/24,
981,FALSE,Pt900,ペンダント,その他,M,BAB0-1-M,"95,000",307,0.10ct,,,nakajima,2025/01/15,
982,FALSE,Pt900,ペンダント,その他,L,BAB0-4-L,"65,000",2078,0.02ct,,,fujita,2023/08/18,
983,FALSE,Pt900,ペンダント,その他,L,BAB0-5-L,"260,000",20185,0.38ct,,,小牧,2023/09/06,
984,FALSE,Pt900,ペンダント,その他,M,BAB0-5-M,"210,000",20155,0.30ct,,,nakajima,2023/08/19,
985,FALSE,Pt900,ペンダント,その他,S,BAB0-5-S,"170,000",3013,0.24ct,,,nakajima,2023/08/19,
986,FALSE,Pt900,ペンダント,その他,Free,BAB0-7-0,"182,000",2095,0.20ct,,,小牧,2023/09/06,
987,FALSE,Pt900,ペンダント,その他,Free,BAB0-8-0,"226,000",2095,0.20ct,,,小牧,2023/09/06,
988,FALSE,Pt900,ペンダント,その他,M,BAK0-1-M,"160,000",3027,0.25ct,,ﾃｰﾊﾟｰﾊﾞﾁｶﾝM,河野,2022/09/11,
989,FALSE,Pt900,ペンダント,その他,Free,FPA0-1-130,"150,000",20238,,,Free,植田,2023/06/01,
990,FALSE,Pt900,ペンダント,その他,Free,FPA0-11-0,"80,000",3014,,,,fujita,2024/10/24,
991,FALSE,Pt900,ペンダント,その他,Free,FPA0-2-0,"80,000",3015,,,,komaki,2025/02/05,
992,FALSE,Pt900,ペンダント,その他,Free,FPA0-6-130,"85,000",308,,,,fujita,2023/08/18,
993,FALSE,Pt900,ペンダント,その他,L,FPA0-8-L,"110,000",402,,,,nakajima,2024/10/27,
994,FALSE,Pt900,ペンダント,その他,M,FPA0-8-M,"80,000",3014,,,,nakajima,2024/10/27,
995,FALSE,Pt900,ペンダント,その他,S,FPA0-8-S,"50,000",2084,,,,nakajima,2024/10/27,
996,FALSE,Pt900,ペンダント,その他,Free,FPB0-1-0,"170,000",20265,0.22ct,,,fujita,2023/08/18,
997,FALSE,Pt900,ペンダント,その他,Free,FPB0-2-0,"200,000",20338,0.28ct,,,fujita,2023/08/18,
998,FALSE,Pt900,ペンダント,その他,Free,FPB0-3-0,"140,000",3017,0.08ct,,,komaki,2024/03/15,
999,FALSE,Pt900,ペンダント,その他,Free,Fre-Free-set-circle-L,"350,000",103096,0.43ct,,,nakajima,2025/01/15,
1000,FALSE,Pt900,ペンダント,その他,Free,Fre-Free-set-circle-M,"300,000",20335,0.31ct,,,nakajima,2025/01/15,
1001,FALSE,Pt900,ペンダント,その他,Free,Link-Set-D-M,"270,000",20185,,,0.44ct,植田,2023/04/18,
1002,FALSE,Pt900,ペンダント,その他,Free,Link-Set彫-L,"190,000",10767,,,0.14ct,植田,2023/04/18,
1003,FALSE,Pt900,ペンダント,その他,0.5,17C-94-50,"75,000",101056,0.04ct,,,nakajima,2025/01/15,
1004,FALSE,Pt900,ペンダント,その他,0.5,LPA1-1-50,"65,000",20101,,,,komaki,2025/04/05,
1005,FALSE,Pt900,ペンダント,その他,0.5,LPA1-2-50,"95,000",20168,,,,komaki,2025/04/05,
1006,FALSE,Pt900,ペンダント,その他,1,17C-44-100,"160,000",102926,,,,tanaka,2023/11/14,
1007,FALSE,Pt900,ペンダント,その他,CT,LPA1-1-100,"85,000",20153,,,,komaki,2025/04/05,
1008,FALSE,Pt900,ペンダント,その他,CT,LPA1-2-100,"110,000",20197,,,,komaki,2025/04/05,
1009,FALSE,Pt900,ペンダント,その他,1,Regolith5starsForBD-100,"95,000",101323,0.23ct,,BD=0.23ct/鑑定No.577849,shige,2015/07/13,
1010,FALSE,Pt900,ペンダント,その他,1,Regolith5starsForBD-100,"128,000",101323,0.39ct,,BD=0.39ct/鑑定No.577847,shige,2015/07/13,
1011,FALSE,Pt900,ペンダント,その他,1,Regolith5starsForD-100,"75,000",101174,,,2.61g,shige,2015/07/13,
1012,FALSE,Pt900,ペンダント,その他,1,Regolith5starsForD-100,"75,000",101174,,,2.61g,shige,2015/07/13,
1013,FALSE,K18,ペンダント,ダイヤ,0.2,15A-123-20,"37,000",2067,,,,tanaka,2014/12/05,
1014,FALSE,K18,ペンダント,ダイヤ,0.2,15A-123-20,"37,000",2067,,,,tanaka,2017/01/08,
1015,FALSE,K18,ペンダント,ダイヤ,0.3,JSDP41-30,"220,000",20414,0.17ct,,3,SK,2014/12/15,
1016,FALSE,K18,ペンダント,ダイヤ,0.7,15A-132-70,"60,000",10716,1.3,,サイズ注意,SK,2015/06/05,
1017,FALSE,K18,ペンダント,ダイヤ,0.7,15A-132-70,"60,000",10707,1.3,,サイズ注意,muro ,2022/03/14,
1018,FALSE,K18,ペンダント,ダイヤ,CT,14A-112-100,"45,000",10683,1,,,komaki,2025/02/07,
1019,FALSE,K18,ペンダント,ダイヤ,CT,14B-X008-100,"300,000",101593,0.36ct,,3.1,河野,2025/02/07,
1020,FALSE,K18,ペンダント,オーバル,70,19A-1-70B,"14,000",2028,,,,komaki,2025/02/07,
1021,FALSE,K18,ペンダント,オーバル,80,19A-1-80C,"16,000",10311,,,,komaki,2025/02/07,
1022,FALSE,K18,ペンダント,オーバル,100,19A-1-100C,"20,000",10385,,,,komaki,2023/08/18,
1023,FALSE,K18,ペンダント,オーバル,130,19A-114-130,"22,000",2041,,,,komaki,2023/08/18,
1024,FALSE,K18,ペンダント,オーバル,130,OPA1-1-130,"28,000",2043,,,,fujita,2023/06/01,
1025,FALSE,K18,ペンダント,オーバル,140,19A-113-140,"30,000",10507,,,,植田,不明,
1026,FALSE,K18,ペンダント,オーバル,140,19B-113-140,"160,000",101079,0.08ct,,,nakajima,2025/02/07,
1027,FALSE,K18,ペンダント,オーバル,140,19H-51-140,"320,000",309,0.41ct,,3,不明,不明,
1028,FALSE,K18,ペンダント,オーバル,140,OPA1-1-140,"28,000",2043,,,,fujita,2025/01/15,
1029,FALSE,K18,ペンダント,オーバル,150,19A-1-150C,"27,000",10478,,,,komaki,2025/02/07,
1030,FALSE,K18,ペンダント,オーバル,150,19A-114-150,"24,000",10467,,,,komaki,2023/08/18,
1031,FALSE,K18,ペンダント,オーバル,150,OPA1-1-150,"32,000",2053,,,,fujita,2024/09/15,
1032,FALSE,K18,ペンダント,オーバル,160,19A-114-160,"27,000",10541,,,,komaki,不明,
1033,FALSE,K18,ペンダント,オーバル,160,19B-113-160,"180,000",101236,0.08ct,,,nakajima,2025/02/07,
1034,FALSE,K18,ペンダント,オーバル,160,19H-1-160,"170,000",3021,0.23ct,,1.4,不明,不明,
1035,FALSE,K18,ペンダント,オーバル,160,OPA1-1-160,"50,000",307,,,,shige,2025/01/15,
1036,FALSE,K18,ペンダント,オーバル,170,19A-1-170F,"30,000",10587,,,,komaki,2025/02/07,
1037,FALSE,K18,ペンダント,オーバル,170,19A-114-170,"30,000",10583,,,,komaki,2025/02/07,
1038,FALSE,K18,ペンダント,オーバル,180,19A-1-180,"31,000",10577,,,,komaki,不明,
1039,FALSE,K18,ペンダント,オーバル,180,19A-114-180,"33,000",2055,,,,komaki,2025/02/07,
1040,FALSE,K18,ペンダント,オーバル,180,19H-51-180,"430,000",2088,0.66ct,,3,不明,不明,
1041,FALSE,K18,ペンダント,オーバル,190,19A-1-190,"45,000",10702,,,,shige,2017/09/30,
1042,FALSE,K18,ペンダント,オーバル,190,19A-114-190,"34,000",2062,,,,komaki,2023/08/18,
1043,FALSE,K18,ペンダント,オーバル,200,OPA1-1-200,"57,000",2085,,,,fujita,2023/08/18,
1044,FALSE,K18,ペンダント,オーバル,210,19A-111-210,"45,000",10589,,,0.8,muro ,2018/08/22,
1045,FALSE,K18,ペンダント,オーバル,220,OPA1-1-220,"63,000",401,,,,fujita,2017/10/28,
1046,FALSE,K18,ペンダント,オーバル,230,19A-114-230L,"80,000",20107,,,1.8,fujita,2023/08/18,
1047,FALSE,K18,ペンダント,オーバル,230,19A-1R-230,"70,000",2085,,,1.6,muro,2023/08/18,
1048,FALSE,K18,ペンダント,オーバル,240,OPA1-1-240,"70,000",20105,,,,fujita,2024/05/24,
1049,FALSE,K18,ペンダント,オーバル,260,OPA1-1-260,"66,000",401,,,,fujita,2018/10/03,
1050,FALSE,K18,ペンダント,オーバル,260,OPA1-2-260,"140,000",3024,,,,shige,2025/01/15,
1051,FALSE,K18,ペンダント,オーバル,280,19A-1R-280,"90,000",2098,,,2,komaki,2017/11/11,
1052,FALSE,K18,ペンダント,オーバル,300,19B-113-300,"350,000",102277,0.32ct,,,nakajima,2021/03/10,
1053,FALSE,K18,ペンダント,オーバル,340,19A-114-340L,"130,000",20151,,,2.9,nakayama,2017/10/28,
1054,FALSE,K18,ペンダント,オーバル,340,19A-132-340,"160,000",102201,,,3.6,YUKARI,2023/11/29,
1055,FALSE,K18,ペンダント,オーバル,340,OPA1-2-340,"200,000",3036,,,,shige,2024/05/24,
1056,FALSE,K18,ペンダント,オーバル,380,19A-114-380L,"150,000",20179,,,3.4,fujita,2023/11/29,
1057,FALSE,K18,ペンダント,パール,Free,18B-8091,"90,000",3018,0.10ct,,,yoshida,2012/10/04,
1058,FALSE,K18,ペンダント,パール,Free,18B-8094,"110,000",3021,0.09ct,,,yoshida,2015/07/13,
1059,FALSE,K18,ペンダント,パール,Free,P370Y,"70,000",20113,,,1.5,植田,2022/12/09,
1060,FALSE,K18,ペンダント,パール,3,PTA1-C-30,"70,000",20115,,,天珠3mm用,fujita,2023/11/29,
1061,FALSE,K18,ペンダント,パール,3,PTA1-E-30,"70,000",20115,,,天珠3mm用,fujita,2023/11/29,
1062,FALSE,K18,ペンダント,パール,3,PTA1-G-30,"68,000",3011,,,,tanaka,2023/10/27,
1063,FALSE,K18,ペンダント,パール,3,PTA1-I-30,"60,000",2096,,,,tanaka,2023/11/29,
1064,FALSE,K18,ペンダント,パール,3,PTA1-K-30,"75,000",3012,,,,tanaka,2023/11/29,
1065,FALSE,K18,ペンダント,パール,3,PTA1-M-30,"75,000",3012,,,,tanaka,2023/11/29,
1066,FALSE,K18,ペンダント,パール,3,PTA1-O-30,"75,000",3012,,,,tanaka,2023/11/29,
1067,FALSE,K18,ペンダント,パール,3,PTA1-Q-30,"75,000",3012,,,,tanaka,2023/11/29,
1068,FALSE,K18,ペンダント,パール,3,PTA1-S-30,"78,000",3013,,,,tanaka,2023/04/18,
1069,FALSE,K18,ペンダント,パール,3,PTA1-U-30,"75,000",3012,,,,tanaka,2023/11/29,
1070,FALSE,K18,ペンダント,パール,3,PTA1-W-30,"78,000",3013,,,,tanaka,2019/09/26,
1071,FALSE,K18,ペンダント,パール,3,PTA1-Y-30,"65,000",20105,,,,tanaka,2023/10/27,
1072,FALSE,K18,ペンダント,パール,8,Crown8,"65,000",20105,,,1,植田,2023/04/18,
1073,FALSE,K18,ペンダント,パール,11,18A-17-110,"40,000",10698,,,1,KOUNO,2022/12/09,
1074,FALSE,K18,ペンダント,スクエア,65*90,20A-46-65-90,"30,000",10521,,,0.8,不明,2015/07/13,
1075,FALSE,K18,ペンダント,その他,M,BAB0-1-M,"95,000",2055,0.10ct,,VバチM,山室,2023/09/06,
1076,FALSE,K18,ペンダント,その他,M,BAB0-1-M,"114,000",2065,0.10ct,,,小牧,2023/09/06,
1077,FALSE,K18,ペンダント,その他,M,BAB0-4-M,"60,000",2064,0.02ct,,,fujita,2024/01/06,
1078,FALSE,K18,ペンダント,その他,L,BAB0-5-L,"260,000",20185,0.38ct,,,fujita,2022/10/16,
1079,FALSE,K18,ペンダント,その他,M,BAB0-5-M,"190,000",20145,0.30ct,,,fujita,2023/09/19,
1080,FALSE,K18,ペンダント,その他,S,BAB0-5-S,"160,000",3013,0.24ct,,,yoshida,2023/09/19,
1081,FALSE,K18,ペンダント,その他,S,BAB0-5-S,"160,000",3013,0.24ct,,,小牧,2025/06/17,
1082,FALSE,K18,ペンダント,その他,Free,FPA0-1-130,"115,000",20208,,,,fujita,2023/08/18,
1083,FALSE,K18,ペンダント,その他,Free,FPA0-1-130,"130,000",20208,,,Free,植田,2023/08/18,
1084,FALSE,K18,ペンダント,その他,Free,FPA0-3-0,"80,000",20145,,,1.2,fujita,2023/08/18,
1085,FALSE,K18,ペンダント,その他,Free,FPA0-6-130,"90,000",3015,,,,fujita,2023/06/01,
1086,FALSE,K18,ペンダント,その他,Free,FPA0-6-130,"90,000",3015,,,,fujita,2023/08/18,
1087,FALSE,K18,ペンダント,その他,Free,FreFree-Set-Circle-M,"240,000",20449,0.34ct,,,kim,2023/08/18,
1088,FALSE,K18,ペンダント,その他,0.5,Regolith5starsForD-50,"45,000",10854,,,1.78g,shige ,2015/07/13,
1089,FALSE,K18,ペンダント,その他,1,Regolith5starsForBD-100,"80,000",10604,0.20ct,,BD=0.20ct,shige,2023/08/18,
1090,FALSE,K18,ペンダント,その他,1,Regolith5starsForD-100,"50,000",10931,,,1.94g,shige,2015/07/13,
1091,FALSE,K18,ペンダント,その他,1,Regolith5starsForD-100,"50,000",10931,,,1.94g,shige ,2018/09/07,
1092,FALSE,Pt900/K18,ペンダント,その他,M,FreFree-Set-Circle-M-K18上,"250,000",20363,0.34ct,,,yoshida,2018/10/13,
1093,FALSE,Pt900/K18,ペンダント,その他,S,FreFree-Set-Circle-S-K18上,"200,000",20223,0.26ct,,,nakayama,2019/09/26,
1094,FALSE,Pt900/K18,ペンダント,その他,S,FreFree-Set-Circle-S-K18上,"200,000",20223,0.26ct,,,komaki,2019/11/14,
1095,FALSE,Pt900/K18,ペンダント,その他,S,FreFree-Set-Circle-S-Pt上,"200,000",20212,0.26ct,,,komaki,2018/10/13,
1096,FALSE,Pt900/K18/K18PG,ペンダント,ダイヤ,0.2,SDPH-2919,"120,000",20196,,,加工注意,SK,2023/11/14,
1097,FALSE,Pt900/K18/K18PG,ペンダント,ダイヤ,0.5,SDPH-2917,"150,000",3027,,,加工注意,SK,2017/01/08,
1098,FALSE,Pt900/K18/K18PG,ペンダント,ダイヤ,0.5,SDPH-2917,"150,000",3027,,,,KOUNO,2022/07/06,
1099,FALSE,K18PG,ペンダント,ダイヤ,0.3,PG-JSDP43-30,"210,000",20414,0.17ct,,2.9,SK,2025/02/05,
1100,FALSE,Pt900,バチカン,バチカン,M,R-dB005-30,"200,000",5012,0.2ct,,,fujita111,2025/06/23,"1,200,000"
1101,FALSE,Pt900,バチカン,バチカン,M,TOMORROW,"200,000",5012,0.2ct,,,fujita,2025/06/23,
1102,FALSE,Pt900,チェーン,チェーン,0.8,PD-OA001-100,"100,000",2034,,45cm,,fujita111,2025/06/23,"3,400"
1103,FALSE,Pt900,チェーン,チェーン,0.8,TODAY,"100,000",2034,,45cm,,fujita,2025/06/23,
1104,FALSE,Pt850,チェーン,チェーン,,小豆ステーションフラワー,"42,000",20138,40cm,,,河野,2025/04/05,
1105,FALSE,Pt850,チェーン,チェーン,0.28,小豆,"60,000",3013,45cm,,,komaki,2025/04/05,
1106,FALSE,Pt850,チェーン,チェーン,0.33,小豆,"75,000",3016,45cm,,,komaki,2024/09/18,
1107,FALSE,Pt850,チェーン,チェーン,0.33,小豆,"75,000",3017,45cm,,,tanaka,2025/05/28,
1108,FALSE,Pt850,チェーン,チェーン,0.33,小豆,"85,000",3019,50cm,,,tanaka,2025/05/28,
1109,FALSE,Pt850,チェーン,チェーン,0.35,フラットハート（切り売り）,"55,000",3011,50cm,,,初期,初期,
1110,FALSE,Pt850,チェーン,チェーン,0.4,小豆,"105,000",102344,45cm,,slide,fujita,2025/04/05,
1111,FALSE,Pt850,チェーン,チェーン,0.8,17,"20,000",3012,,45cm,う,fujita,2025/07/31,
1112,FALSE,Pt850,チェーン,チェーン,0.8,444-6666,"20,000",3012,,45cm,,fujita,2025/06/18,
1113,FALSE,Pt850,チェーン,チェーン,0.8,444-8888,"20,000",3012,,45cm,,fujita,2025/06/18,
1114,FALSE,Pt850,チェーン,チェーン,0.8,444-8888,"20,000",3012,,45cm,,fujita,2025/06/21,
1115,FALSE,Pt850,チェーン,チェーン,0.8,600test,"20,000",3012,,45cm,,fujita,2022/07/06,
1116,FALSE,Pt850,チェーン,チェーン,0.8,603test,"20,000",3012,,45cm,,fujita,2022/07/06,
1117,FALSE,Pt850,チェーン,チェーン,0.8,last3,"20,000",3012,,45cm,,fujita,2025/07/01,
1118,FALSE,Pt850,チェーン,チェーン,0.8,latest10,"20,000",3012,,45cm,,fujita,2025/07/03,
1119,FALSE,Pt850,チェーン,チェーン,0.8,latest11,"20,000",3012,,45cm,,fujita,2025/07/03,
1120,FALSE,Pt850,チェーン,チェーン,0.8,latest14,"20,000",3012,,45cm,,fujita,2025/07/03,
1121,FALSE,Pt850,チェーン,チェーン,0.8,test10,"20,000",3012,,45cm,,fujita,2022/07/06,
1122,FALSE,Pt850,チェーン,チェーン,0.8,test10,"20,000",3012,,45cm,,fujita,2025/07/02,
1123,FALSE,Pt850,チェーン,チェーン,0.8,test11,"20,000",3012,,45cm,,fujita,2025/07/02,
1124,FALSE,Pt850,チェーン,チェーン,0.8,test14,"20,000",3012,,45cm,,fujita,2025/07/02,
1125,FALSE,Pt850,チェーン,チェーン,0.8,test17,"20,000",3012,,45cm,,fujita,2025/07/02,
1126,FALSE,Pt850,チェーン,チェーン,0.8,test2,"20,000",3012,,45cm,,fujita,2022/07/06,
1127,FALSE,Pt850,チェーン,チェーン,0.8,test2,"20,000",3012,,45cm,,fujita,2025/06/17,
1128,FALSE,Pt850,チェーン,チェーン,0.8,test500,"20,000",3012,,45cm,,fujita,2022/07/06,
1129,FALSE,Pt850,チェーン,チェーン,0.8,test5001,"20,000",3012,,45cm,,fujita,2022/07/06,
1130,FALSE,Pt850,チェーン,チェーン,0.8,ベネチアン,"70,000",3015,45cm,,,komaki,2022/07/13,
1131,FALSE,Pt850,チェーン,チェーン,0.8,ベネチアン,"70,000",3015,45cm,,,komaki,2025/02/05,
1132,FALSE,Pt850,チェーン,チェーン,0.8,ベネチアン,"70,000",20155,45cm ,,,komaki,2025/04/05,
1133,FALSE,Pt850,チェーン,チェーン,0.8,ベネチアン,"70,000",3015,45cm,,,komaki,2025/05/28,
1134,FALSE,Pt850,チェーン,チェーン,0.8,ベネチアン,"70,000",3015,45cm,,,komaki,2025/05/28,
1135,FALSE,Pt850,チェーン,チェーン,0.8,ベネチアン,"70,000",3016,45cm,,,tanaka,2025/06/17,
1136,FALSE,Pt850,チェーン,チェーン,0.8,ベネチアン,"80,000",3017,50cm,,,tanaka,2025/06/17,
1137,FALSE,Pt850,チェーン,チェーン,1,ベネチアン,"110,000",3024,45cm,,,tanaka,2025/06/17,
1138,FALSE,Pt850,チェーン,チェーン,1,ベネチアン,"120,000",3026,50cm,,,tanaka,2025/05/28,
1139,FALSE,Pt850,チェーン,チェーン,1.2,ベネチアン,"200,000",404,,60cm,,fujita,2025/06/23,
1140,,Pt850,チェーン,その他,1.5,22222,100,101,5CT,90cm,666,fu,2025/11/21,
1141,FALSE,K18,チェーン,チェーン,0.25,喜平2面,"55,000",3012,45cm,,,komaki,2025/02/05,
1142,FALSE,K18,チェーン,チェーン,0.32,小豆,"135,000",305,45cm,,,komaki,2025/01/15,
1143,FALSE,K18,チェーン,チェーン,0.8,ベネチアン,"130,000",3029,45cm,,,komaki,2020/08/06,
1144,FALSE,K18,チェーン,チェーン,1,ボール８DCチェーン,"140,000",3032,101cm,,slide,nakajima,2020/08/06,
1145,,SV900(Pt),チェーン,その他,1.0,ベネチアン,10000,2022,,50,1121test-3,藤田,2025/11/21,
1146,FALSE,K18PG,チェーン,チェーン,0.2,スクリューチェーン,"45,000",10912,50cm,,,tanaka,2025/02/05,
1147,,K18PG,チェーン,チェーン,0.8,小豆,100000,2025,,45,1121test-2,ふじた,2025/11/21,
1148,FALSE,K10PG,チェーン,チェーン,0.25,ハート,"15,000",2044,45cm,,,河野,,
1149,FALSE,K10WG,チェーン,チェーン,0.35,ハート,"27,000",2076,45cm,,,河野,2022/07/06,
1150,FALSE,K10PG,チェーン,チェーン,0.45,ハート,"36,000",20104,45cm,,,河野,2022/07/06,
1151,FALSE,K10,チェーン,チェーン,0.45,フラットハート,"32,000",2089,45cm,,,河野,2024/05/24,
1152,FALSE,K10WG,チェーン,チェーン,0.45,フラットハート,"38,000",20107,45cm,,slide,河野,2022/07/06,
1153,FALSE,K10PG,チェーン,チェーン,2,ボール,"67,000",20189,45cm,,slide,河野,2022/07/06,
1154,,Pt900,その他,その他,Free,111111,100,101,5CT,80cm,eee,fu,2025/11/21,
